Census_Tracts,mean
1000201,0.0
1000202,0.2
1000600,0.8333333333333334
1000700,0.4567901234567901
1000800,0.4189189189189189
1000900,0.616822429906542
1001001,0.0
1001002,0.14285714285714285
1001200,0.21428571428571427
1001300,1.1923076923076923
1001401,0.21428571428571427
1001402,0.44594594594594594
1001501,0.3924050632911392
1001502,0.5402298850574713
1001600,0.6306306306306306
1001800,1.252212389380531
1002000,0.17647058823529413
1002100,0.7602739726027398
1002201,0.38666666666666666
1002202,0.4166666666666667
1002400,0.05
1002500,0.08333333333333333
1002601,0.48214285714285715
1002602,0.36363636363636365
1002700,0.3142857142857143
1002800,0.35714285714285715
1002900,0.3076923076923077
1003001,1.1275510204081634
1003002,0.4838709677419355
1003100,0.32786885245901637
1003200,0.68
1003300,0.9938650306748467
1003400,0.8489208633093526
1003601,0.4225352112676056
1003602,0.5978260869565217
1003700,0.35
1003800,1.0833333333333333
1003900,0.5764705882352941
1004000,0.8742138364779874
1004100,0.6554621848739496
1004200,0.4027777777777778
1004300,0.5575221238938053
1004400,0.11904761904761904
1004500,0.5121951219512195
1004700,0.592
1004800,0.7586206896551724
1004900,1.5217391304347827
1005000,0.76
1005200,1.5491525423728814
1005400,0.7794117647058824
1005501,0.37037037037037035
1005502,0.5466666666666666
1005600,0.42168674698795183
1005700,0.3717948717948718
1005800,0.95
1005900,0.39436619718309857
1006000,0.24528301886792453
1006100,0.7421875
1006200,0.0967741935483871
1006300,0.6039603960396039
1006400,0.9861111111111112
1006500,1.13
1006600,0.6299212598425197
1006700,0.5816326530612245
1006800,0.8775510204081632
1006900,0.3783783783783784
1007000,0.6421052631578947
1007100,1.1658536585365853
1007200,0.7226277372262774
1007300,0.9256756756756757
1007400,0.743421052631579
1007500,0.26666666666666666
1007600,1.4566037735849056
1007700,0.5638297872340425
1007800,0.2537313432835821
1007900,1.10752688172043
1008000,0.5698924731182796
1008100,1.1770334928229664
1008200,0.46987951807228917
1008300,0.9669811320754716
1008400,1.1717171717171717
1008601,0.0
1008602,0.0
1008603,0.13636363636363635
1008700,0.872
1008800,0.46987951807228917
1008900,0.44047619047619047
1009000,0.42857142857142855
1009100,0.8043478260869565
1009200,1.1951219512195121
1009300,0.7538461538461538
1009400,0.3333333333333333
1009500,0.5984848484848485
1009600,0.8926174496644296
1009700,0.3220338983050847
1009800,0.6534653465346535
1009900,1.2107843137254901
1010000,0.9642857142857143
1010100,1.8012618296529967
1010200,0.43661971830985913
1010300,0.5180722891566265
1010400,1.728937728937729
1010601,0.3877551020408163
1010602,0.19444444444444445
1010800,0.5054945054945055
1010900,2.6016949152542375
1011000,0.3333333333333333
1011100,1.1055045871559632
1011201,1.1111111111111112
1011202,0.21875
1011203,0.6509433962264151
1011300,0.9655172413793104
1011401,0.6095238095238096
1011402,1.6232394366197183
1011500,1.1904761904761905
1011600,0.3695652173913043
1011700,0.08333333333333333
1011800,0.39705882352941174
1011900,2.490566037735849
1012000,0.4642857142857143
1012100,2.071022727272727
1012200,0.3076923076923077
1012400,0.2647058823529412
1012500,1.5018315018315018
1012600,0.345679012345679
1012700,1.0591715976331362
1012800,0.3728813559322034
1012900,0.9388888888888889
1013000,0.4745762711864407
1013100,0.891566265060241
1013200,0.42857142857142855
1013300,1.215311004784689
1013400,0.4823529411764706
1013500,0.6896551724137931
1013600,0.3561643835616438
1013700,1.481012658227848
1013800,0.43617021276595747
1013900,0.6611570247933884
1014000,0.5698924731182796
1014200,0.30612244897959184
1014300,1.1180124223602483
1014401,0.14285714285714285
1014402,0.3076923076923077
1014500,0.9172932330827067
1014601,0.40476190476190477
1014602,0.4126984126984127
1014700,0.2830188679245283
1014801,0.391304347826087
1014802,0.8552631578947368
1014900,0.3142857142857143
1015001,0.0
1015002,0.19148936170212766
1015100,0.4230769230769231
1015200,0.32142857142857145
1015300,0.7751937984496124
1015400,0.6847826086956522
1015500,0.22
1015601,0.30434782608695654
1015602,0.27906976744186046
1015700,0.6902654867256637
1015801,0.38028169014084506
1015802,0.40816326530612246
1015900,0.7413793103448276
1016001,0.13333333333333333
1016002,0.21052631578947367
1016100,0.4264705882352941
1016200,0.2857142857142857
1016300,0.6813186813186813
1016400,0.3076923076923077
1016500,0.30303030303030304
1016600,0.4791666666666667
1016700,0.7444444444444445
1016800,0.2982456140350877
1016900,0.6376811594202898
1017000,0.25396825396825395
1017100,0.3968253968253968
1017200,1.6425339366515836
1017300,0.2608695652173913
1017401,0.23684210526315788
1017402,0.16666666666666666
1017500,0.6565656565656566
1017700,0.4861111111111111
1017800,0.22807017543859648
1017900,0.3698630136986301
1018000,0.43037974683544306
1018100,0.26666666666666666
1018200,1.027027027027027
1018300,0.9550561797752809
1018400,0.38181818181818183
1018500,0.5294117647058824
1018600,0.3698630136986301
1018700,0.6952380952380952
1018800,0.6477272727272727
1018900,0.7865853658536586
1019000,0.4166666666666667
1019100,0.768
1019200,0.16129032258064516
1019300,0.43243243243243246
1019400,0.47540983606557374
1019500,0.7079646017699115
1019600,1.492
1019701,0.27906976744186046
1019702,0.17073170731707318
1019800,0.44871794871794873
1019900,0.43902439024390244
1020000,0.32857142857142857
1020101,0.0
1020102,0.8739495798319328
1020300,0.3220338983050847
1020500,0.21621621621621623
1020600,0.5070422535211268
1020701,0.0
1020800,0.22580645161290322
1020901,0.7663551401869159
1021000,0.453125
1021100,0.656
1021200,0.3888888888888889
1021303,0.21428571428571427
1021400,0.18181818181818182
1021500,0.15384615384615385
1021600,0.3695652173913043
1021703,0.3333333333333333
1021800,0.9202898550724637
1021900,0.8016528925619835
1022000,0.39344262295081966
1022102,0.23333333333333334
1022200,1.705128205128205
1022301,0.43209876543209874
1022302,0.1
1022400,0.5
1022500,0.3829787234042553
1022600,0.3103448275862069
1022700,0.37037037037037035
1022800,0.7279411764705882
1022900,0.7
1023000,0.4155844155844156
1023100,0.5486725663716814
1023200,0.4473684210526316
1023300,0.6555555555555556
1023400,0.275
1023501,0.4444444444444444
1023502,0.12121212121212122
1023600,0.3559322033898305
1023700,0.4742268041237113
1023801,0.1
1023802,0.0
1023900,0.15
1024000,8.59375
1024100,0.2676056338028169
1024200,0.4027777777777778
1024301,0.18604651162790697
1024302,0.32142857142857145
1024500,0.7272727272727273
1024700,0.2727272727272727
1024900,0.18518518518518517
1025100,0.5517241379310345
1025300,0.5131578947368421
1025500,0.36538461538461536
1025700,0.5677966101694916
1025900,0.3787878787878788
1026100,0.48
1026300,0.3835616438356164
1026500,0.5915492957746479
1026700,0.0
1026900,0.5238095238095238
1027100,0.9885057471264368
1027300,0.48484848484848486
1027500,0.07692307692307693
1027700,0.20408163265306123
1027900,0.6982758620689655
1028100,0.3333333333333333
1028300,0.1702127659574468
1028500,0.30434782608695654
1028700,0.36363636363636365
1029100,0.7299270072992701
1029300,0.5486725663716814
1029500,0.2608695652173913
1029700,0.23076923076923078
1029900,0.32051282051282054
1030300,0.5287356321839081
1030700,0.22727272727272727
1030900,0.4318181818181818
1031100,0.07142857142857142
1031703,0.2857142857142857
1031704,0.569620253164557
1031900,0.0
2000100,0.2222222222222222
2000200,0.08823529411764706
2000400,0.41304347826086957
2001600,0.35714285714285715
2001900,0.6222222222222222
2002000,0.5432098765432098
2002300,0.5370370370370371
2002400,0.0
2002500,0.24561403508771928
2002701,0.2222222222222222
2002702,0.4444444444444444
2002800,0.36065573770491804
2003100,0.18181818181818182
2003300,0.02631578947368421
2003500,0.37777777777777777
2003700,0.16666666666666666
2003800,0.0
2003900,0.9783783783783784
2004001,0.09523809523809523
2004100,0.4479166666666667
2004200,0.6363636363636364
2004300,0.6095238095238096
2004400,0.25
2004600,0.46835443037974683
2004800,0.13513513513513514
2005001,0.2
2005002,0.18181818181818182
2005100,0.9337748344370861
2005200,0.375
2005300,0.2926829268292683
2005400,0.5757575757575758
2005600,0.4489795918367347
2005902,0.13333333333333333
2006000,0.25
2006100,0.08333333333333333
2006200,0.5876288659793815
2006300,1.303030303030303
2006400,0.23076923076923078
2006500,2.4468085106382977
2006700,0.4742268041237113
2006800,0.2391304347826087
2006900,0.6818181818181818
2007000,0.3559322033898305
2007100,0.7575757575757576
2007200,0.25
2007300,0.3709677419354839
2007400,0.13513513513513514
2007500,0.5232558139534884
2007600,0.43209876543209874
2007700,0.5189873417721519
2007800,0.19607843137254902
2007900,0.34177215189873417
2008300,0.45161290322580644
2008400,0.0
2008500,0.22641509433962265
2008600,0.3142857142857143
2008700,0.5517241379310345
2008900,0.9354838709677419
2009000,0.5578947368421052
2009200,0.32727272727272727
2009300,0.7913669064748201
2009600,0.29411764705882354
2009800,0.3220338983050847
2011000,0.0
2011502,0.34545454545454546
2011700,0.2222222222222222
2011800,0.0
2011900,0.6404494382022472
2012101,0.17647058823529413
2012102,0.06666666666666667
2012300,0.19642857142857142
2012500,0.20754716981132076
2012701,0.3620689655172414
2012901,0.4090909090909091
2013000,0.08333333333333333
2013100,0.3698630136986301
2013200,0.1891891891891892
2013300,0.2545454545454545
2013500,0.29545454545454547
2013800,0.10526315789473684
2014100,0.17307692307692307
2014300,0.23255813953488372
2014400,0.29411764705882354
2014500,0.3972602739726027
2014701,0.23809523809523808
2014702,0.1724137931034483
2014900,0.20833333333333334
2015100,0.36065573770491804
2015200,0.0
2015300,0.2
2015500,0.2558139534883721
2015700,0.3469387755102041
2015800,0.2
2015900,0.3090909090909091
2016000,0.32142857142857145
2016100,0.5795454545454546
2016200,0.0
2016300,0.1951219512195122
2016400,0.2727272727272727
2016500,0.2765957446808511
2016600,0.4810126582278481
2016700,0.32857142857142857
2016900,0.13333333333333333
2017100,0.058823529411764705
2017300,0.3064516129032258
2017500,0.4305555555555556
2017701,0.35294117647058826
2017702,0.43902439024390244
2017901,0.35714285714285715
2017902,0.22857142857142856
2018101,0.037037037037037035
2018102,0.2619047619047619
2018301,0.038461538461538464
2018302,0.3137254901960784
2018400,0.2
2018500,1.027027027027027
2018900,0.367816091954023
2019300,0.2926829268292683
2019400,0.0
2019500,0.4791666666666667
2019700,0.7311827956989247
2019900,0.51
2020000,0.265625
2020100,0.27419354838709675
2020200,0.12
2020400,0.125
2020501,0.25396825396825395
2020502,0.0
2020601,0.3076923076923077
2020900,0.2619047619047619
2021001,0.36363636363636365
2021002,0.10714285714285714
2021100,0.18181818181818182
2021200,0.24444444444444444
2021301,0.17857142857142858
2021302,0.2708333333333333
2021501,0.1724137931034483
2021502,0.4444444444444444
2021601,0.22448979591836735
2021602,0.4262295081967213
2021700,0.2413793103448276
2021800,0.3508771929824561
2021900,0.4772727272727273
2022000,0.2727272727272727
2022101,0.71875
2022102,0.3076923076923077
2022200,0.2549019607843137
2022300,0.7769230769230769
2022401,0.5
2022403,0.36
2022404,0.0625
2022500,0.42857142857142855
2022701,0.5432098765432098
2022702,0.43037974683544306
2022703,0.0
2022800,0.2962962962962963
2022901,0.24
2022902,0.24242424242424243
2023000,0.35135135135135137
2023100,0.24
2023200,0.08695652173913043
2023301,0.17647058823529413
2023302,0.15
2023501,0.16129032258064516
2023502,0.3125
2023600,0.11538461538461539
2023702,0.48484848484848486
2023703,0.3611111111111111
2023704,0.1891891891891892
2023800,0.25
2023900,0.6504065040650406
2024000,0.2926829268292683
2024100,0.3157894736842105
2024300,0.3269230769230769
2024400,0.16666666666666666
2024501,0.075
2024502,0.17857142857142858
2024600,0.0
2024700,0.1111111111111111
2024800,0.05
2024900,0.0
2025000,0.0
2025100,0.6293103448275862
2025200,0.1
2025300,1.9130434782608696
2025400,0.07142857142857142
2025500,0.24074074074074073
2025600,0.11764705882352941
2025700,0.21875
2026100,0.0
2026300,0.4307692307692308
2026400,0.08108108108108109
2026500,0.8872180451127819
2026601,0.05263157894736842
2026602,0.325
2026701,0.2391304347826087
2026702,0.25
2026900,0.48484848484848486
2027300,0.39622641509433965
2027401,0.6296296296296297
2027402,0.07692307692307693
2027600,0.09523809523809523
2027700,0.2857142857142857
2027900,0.3492063492063492
2028100,0.14814814814814814
2028300,0.14285714285714285
2028400,0.6216216216216216
2028500,0.328125
2028600,0.0
2028700,0.6941176470588235
2028800,0.12903225806451613
2028900,0.5595238095238095
2029301,0.05555555555555555
2029302,0.47368421052631576
2029500,0.3333333333333333
2029600,0.45977011494252873
2029700,0.2222222222222222
2030000,0.40425531914893614
2030100,0.0
2030200,0.06896551724137931
2030701,0.05
2030900,0.0967741935483871
2031000,0.08333333333333333
2031200,0.29411764705882354
2031400,0.2222222222222222
2031600,0.0
2031800,0.1
2031900,0.0
2032300,0.25
2032400,0.2222222222222222
2032600,0.38235294117647056
2032800,0.2
2033000,0.39344262295081966
2033201,0.1
2033202,0.10526315789473684
2033400,0.35384615384615387
2033500,0.14285714285714285
2033600,0.4230769230769231
2033700,0.0
2033800,0.3392857142857143
2034000,0.21212121212121213
2034200,0.11538461538461539
2034300,0.0
2034400,0.15
2034500,0.4444444444444444
2034800,0.08823529411764706
2035000,0.0
2035100,0.18181818181818182
2035600,0.26785714285714285
2035800,0.175
2035900,0.1951219512195122
2036000,0.0
2036100,0.20588235294117646
2036300,0.5232558139534884
2036400,0.20689655172413793
2036501,0.2553191489361702
2036502,0.25
2036700,0.4482758620689655
2036800,0.26666666666666666
2036901,0.13043478260869565
2036902,0.05263157894736842
2037000,0.05263157894736842
2037100,0.4117647058823529
2037200,0.22727272727272727
2037300,0.26865671641791045
2037400,0.17073170731707318
2037504,0.4444444444444444
2037600,0.09090909090909091
2037800,0.2
2037900,0.39436619718309857
2038000,0.4367816091954023
2038100,0.38571428571428573
2038200,0.08571428571428572
2038301,0.12195121951219512
2038302,0.2878787878787879
2038500,0.5057471264367817
2038600,0.625
2038700,0.2830188679245283
2038800,0.21875
2038900,0.7593984962406015
2039000,0.2978723404255319
2039100,0.6138613861386139
2039200,0.1935483870967742
2039300,0.4027777777777778
2039400,0.5068493150684932
2039500,0.5208333333333334
2039600,0.13333333333333333
2039700,0.6842105263157895
2039800,0.22580645161290322
2039901,0.84251968503937
2039902,0.5272727272727272
2040100,1.0222222222222221
2040302,0.7303370786516854
2040303,0.06060606060606061
2040304,0.2222222222222222
2040400,0.27906976744186046
2040501,0.1388888888888889
2040502,0.13636363636363635
2040600,0.2653061224489796
2040701,0.0
2040702,0.3469387755102041
2040800,0.24444444444444444
2040900,0.19298245614035087
2041100,0.4444444444444444
2041300,0.1794871794871795
2041400,0.6850393700787402
2041500,0.17857142857142858
2041800,0.3793103448275862
2041900,0.45121951219512196
2042000,0.5789473684210527
2042100,0.5280898876404494
2042200,0.05
2042300,0.4473684210526316
2042400,0.5384615384615384
2042500,0.8814814814814815
2042600,0.453125
2042800,0.09090909090909091
2042901,0.17857142857142858
2042902,0.14285714285714285
2043000,0.14285714285714285
2043100,0.37209302325581395
2043400,0.13953488372093023
2043500,0.7222222222222222
2043600,0.18181818181818182
2044200,0.45614035087719296
2044400,0.28888888888888886
2044800,0.18181818181818182
2044901,0.10526315789473684
2044902,0.23529411764705882
2045101,0.25
2045102,0.045454545454545456
2045600,0.22727272727272727
2045800,0.3225806451612903
2046000,0.20689655172413793
2046201,1.4879032258064515
2046202,0.7168141592920354
2048400,0.5569620253164557
2050400,0.0
2051600,0.125
3000100,0.21428571428571427
3000200,0.30434782608695654
3000301,0.1951219512195122
3000501,0.16666666666666666
3000502,0.2558139534883721
3000700,0.3
3000900,0.8195488721804511
3001100,1.61864406779661
3001300,0.18604651162790697
3001500,1.1923076923076923
3001800,0.5280898876404494
3002000,0.2903225806451613
3002100,0.841726618705036
3002200,0.30612244897959184
3002300,0.1935483870967742
3002901,0.08
3003000,0.1111111111111111
3003100,0.37254901960784315
3003300,0.7592592592592593
3003400,0.043478260869565216
3003500,1.1510791366906474
3003600,0.17647058823529413
3003700,0.6831683168316832
3003800,0.0
3003900,0.09375
3004100,0.2564102564102564
3004300,0.5942028985507246
3004400,0.17391304347826086
3004500,0.10256410256410256
3004600,0.1111111111111111
3004700,0.21739130434782608
3004900,0.16666666666666666
3005000,0.058823529411764705
3005100,0.23076923076923078
3005201,0.0
3005202,0.34782608695652173
3005300,0.46153846153846156
3005400,0.10526315789473684
3005601,0.06666666666666667
3005602,0.14285714285714285
3005800,0.09090909090909091
3005900,0.42105263157894735
3006000,0.35294117647058826
3006200,0.13157894736842105
3006300,0.09090909090909091
3006400,0.18421052631578946
3006500,0.5945945945945946
3006600,0.14285714285714285
3006700,0.11538461538461539
3006800,0.4666666666666667
3006900,0.20454545454545456
3007000,0.15
3007100,0.1568627450980392
3007200,0.0
3007400,1.2820512820512822
3007500,0.8703703703703703
3007600,0.21212121212121213
3007700,0.3333333333333333
3007800,0.15
3008000,0.34210526315789475
3008200,0.3076923076923077
3008400,0.37209302325581395
3008500,0.3939393939393939
3008600,0.07692307692307693
3008800,0.19230769230769232
3009000,0.15384615384615385
3009200,0.0
3009400,0.17647058823529413
3009600,0.13333333333333333
3009800,0.30434782608695654
3010000,0.3333333333333333
3010100,0.2727272727272727
3010200,0.15
3010400,0.2692307692307692
3010600,0.45454545454545453
3010800,0.27450980392156865
3011000,0.09090909090909091
3011200,0.13043478260869565
3011400,0.0
3011600,0.2647058823529412
3011700,0.19230769230769232
3011800,0.24390243902439024
3011900,0.48863636363636365
3012000,0.16666666666666666
3012100,0.19047619047619047
3012200,0.2
3012600,0.18421052631578946
3012700,0.2564102564102564
3012801,0.1111111111111111
3012901,0.5
3012902,0.2222222222222222
3013000,0.2857142857142857
3013100,0.2
3013200,0.08333333333333333
3013300,0.2777777777777778
3013400,0.08695652173913043
3013500,0.07894736842105263
3013600,0.4411764705882353
3013700,0.17647058823529413
3013800,0.2708333333333333
3013900,0.11428571428571428
3014000,0.0
3014100,0.1935483870967742
3014200,0.1111111111111111
3014300,0.15151515151515152
3014500,0.14814814814814814
3014700,0.0
3014800,0.2222222222222222
3014900,0.16129032258064516
3015000,0.0
3015100,0.2571428571428571
3015200,0.0
3015300,0.1
3015400,0.0
3015500,0.09090909090909091
3015700,0.25806451612903225
3015900,0.34782608695652173
3016000,0.17857142857142858
3016100,0.30666666666666664
3016200,0.2
3016300,0.27450980392156865
3016400,0.0
3016500,0.16666666666666666
3016600,0.05263157894736842
3016700,0.07692307692307693
3016800,0.25
3016900,0.0
3017000,0.0
3017100,0.13333333333333333
3017200,0.0
3017400,0.0
3017500,0.2857142857142857
3017600,0.0
3017700,0.4270833333333333
3017800,0.1111111111111111
3017900,0.08333333333333333
3018000,0.18181818181818182
3018100,0.27450980392156865
3018200,0.0
3018300,0.12903225806451613
3018400,0.07692307692307693
3018501,0.17142857142857143
3018600,0.0
3018700,0.2903225806451613
3018800,0.05555555555555555
3019000,0.45161290322580644
3019100,0.1794871794871795
3019200,0.19230769230769232
3019300,0.4032258064516129
3019400,0.15
3019500,0.21212121212121213
3019600,0.07692307692307693
3019700,0.24390243902439024
3019800,0.0
3019900,0.14634146341463414
3020000,0.08333333333333333
3020100,0.2553191489361702
3020200,0.0
3020300,0.030303030303030304
3020400,0.25
3020500,0.13333333333333333
3020600,0.0
3020700,0.07142857142857142
3020800,0.0
3021000,0.4
3021100,0.30434782608695654
3021200,0.10526315789473684
3021300,0.47619047619047616
3021400,0.058823529411764705
3021500,0.1
3021600,0.16666666666666666
3021700,0.34615384615384615
3021800,0.0
3021900,0.125
3022000,0.5
3022100,0.39473684210526316
3022200,0.14285714285714285
3022400,0.07142857142857142
3022600,0.18181818181818182
3022700,0.6583333333333333
3022800,0.17647058823529413
3022900,0.2916666666666667
3023000,0.0
3023100,0.23529411764705882
3023200,0.08333333333333333
3023300,0.22535211267605634
3023400,0.047619047619047616
3023500,0.2692307692307692
3023600,0.125
3023800,0.0
3024000,0.0
3024100,0.3108108108108108
3024200,0.23809523809523808
3024300,0.3541666666666667
3024400,0.0
3024500,0.4625
3024600,0.0
3024700,0.5694444444444444
3024800,0.16666666666666666
3024900,1.1111111111111112
3025000,0.125
3025100,0.24390243902439024
3025200,0.1111111111111111
3025300,0.41509433962264153
3025400,0.047619047619047616
3025500,0.23809523809523808
3025600,0.25
3025700,0.49019607843137253
3025800,0.07692307692307693
3025901,0.17647058823529413
3025902,0.17857142857142858
3026000,0.10526315789473684
3026100,0.5466666666666666
3026200,0.16666666666666666
3026300,0.16666666666666666
3026400,0.125
3026500,0.42105263157894735
3026600,0.0
3026700,0.19444444444444445
3026800,0.1
3026900,0.3870967741935484
3027000,0.1
3027100,0.4567901234567901
3027200,0.5
3027300,0.2833333333333333
3027400,0.125
3027500,0.2909090909090909
3027600,0.16666666666666666
3027700,0.2777777777777778
3027800,0.2682926829268293
3027900,0.30612244897959184
3028000,0.07692307692307693
3028100,0.359375
3028200,0.14814814814814814
3028300,0.18421052631578946
3028400,0.2
3028501,0.08695652173913043
3028502,0.25
3028600,0.2
3028700,0.29850746268656714
3028800,0.09090909090909091
3028900,0.2641509433962264
3029000,0.25
3029100,0.07692307692307693
3029200,0.2037037037037037
3029300,0.37735849056603776
3029400,0.0
3029500,0.17142857142857143
3029600,0.24324324324324326
3029700,0.6776859504132231
3029800,0.21621621621621623
3029900,0.375
3030000,0.0625
3030100,0.30158730158730157
3030200,0.13043478260869565
3030300,0.1864406779661017
3030400,0.18421052631578946
3030500,0.47435897435897434
3030600,0.0
3030700,0.30158730158730157
3030800,0.13043478260869565
3030900,0.13513513513513514
3031100,0.3269230769230769
3031300,0.2413793103448276
3031400,0.3548387096774194
3031500,0.5581395348837209
3031701,0.24390243902439024
3031702,0.25
3031900,0.225
3032100,0.5050505050505051
3032300,0.1794871794871795
3032500,0.4142857142857143
3032600,0.42857142857142855
3032700,0.19607843137254902
3032800,0.07894736842105263
3032900,0.2222222222222222
3033000,0.24489795918367346
3033100,1.04
3033300,0.12
3033500,0.23529411764705882
3033600,0.09090909090909091
3033700,0.38571428571428573
3033900,0.20512820512820512
3034000,0.2222222222222222
3034100,0.17073170731707318
3034200,0.3220338983050847
3034300,0.16666666666666666
3034500,0.225
3034700,0.2571428571428571
3034800,0.3442622950819672
3034900,0.23728813559322035
3035000,0.30158730158730157
3035100,0.6564885496183206
3035200,0.1111111111111111
3035300,0.2
3035400,0.8521739130434782
3035500,0.30952380952380953
3035601,0.1
3035602,0.41935483870967744
3035700,0.3148148148148148
3035900,0.32727272727272727
3036001,0.0
3036002,0.16666666666666666
3036100,0.24390243902439024
3036200,0.2727272727272727
3036300,0.5454545454545454
3036400,0.23809523809523808
3036501,0.10526315789473684
3036502,0.0
3036600,0.047619047619047616
3036700,0.26865671641791045
3036900,0.6551724137931034
3037000,0.20833333333333334
3037100,0.5
3037300,0.34545454545454546
3037401,0.2222222222222222
3037402,0.15151515151515152
3037500,0.1724137931034483
3037700,0.21568627450980393
3037900,0.5061728395061729
3038100,0.4864864864864865
3038200,0.4482758620689655
3038300,0.28888888888888886
3038500,0.20512820512820512
3038600,0.05714285714285714
3038700,0.3333333333333333
3038800,0.0
3038900,0.8503937007874016
3039000,0.1875
3039100,0.2708333333333333
3039200,0.3181818181818182
3039300,0.3013698630136986
3039400,0.15
3039500,0.30952380952380953
3039600,0.09090909090909091
3039700,0.2835820895522388
3039800,0.07142857142857142
3039900,0.14285714285714285
3040000,0.038461538461538464
3040100,0.44776119402985076
3040200,0.21428571428571427
3040300,0.40298507462686567
3040400,0.0
3040500,0.23684210526315788
3040600,0.058823529411764705
3040700,0.0
3040800,0.16666666666666666
3040900,0.32
3041000,0.08333333333333333
3041100,0.11538461538461539
3041200,0.3125
3041300,0.4393939393939394
3041401,0.18181818181818182
3041402,0.0
3041500,0.225
3041600,0.058823529411764705
3041700,0.21212121212121213
3041800,0.0
3041900,0.5609756097560976
3042000,0.06896551724137931
3042100,0.38095238095238093
3042200,0.34782608695652173
3042300,0.23076923076923078
3042400,0.06666666666666667
3042500,0.21428571428571427
3042600,0.17391304347826086
3042700,0.4492753623188406
3042800,0.19047619047619047
3042900,0.42857142857142855
3043000,0.06666666666666667
3043100,0.4675324675324675
3043200,0.16666666666666666
3043300,0.2982456140350877
3043400,0.15
3043500,0.3392857142857143
3043600,0.0
3043700,0.24444444444444444
3043800,0.1111111111111111
3043900,0.296875
3044000,0.08695652173913043
3044100,0.47058823529411764
3044200,0.1111111111111111
3044300,0.32727272727272727
3044400,0.1111111111111111
3044500,0.2549019607843137
3044600,0.0
3044700,0.3673469387755102
3044800,0.06666666666666667
3044900,0.6272727272727273
3045000,0.25
3045200,0.09090909090909091
3045300,0.4666666666666667
3045400,0.15384615384615385
3045600,0.0
3045800,0.1
3046000,1.08
3046201,0.07142857142857142
3046202,0.15384615384615385
3046400,0.13333333333333333
3046800,0.0
3047000,0.0
3047200,0.2
3047400,0.1
3047600,0.0
3047700,0.4166666666666667
3047800,0.2631578947368421
3048000,0.25
3048100,0.27450980392156865
3048200,0.25
3048400,0.18518518518518517
3048500,0.8181818181818182
3048600,0.14814814814814814
3048800,0.17391304347826086
3048900,0.3488372093023256
3049000,0.125
3049100,0.9418604651162791
3049200,0.08333333333333333
3049300,0.5714285714285714
3049400,0.05
3049500,0.47761194029850745
3049600,0.13333333333333333
3049700,0.24324324324324326
3049800,0.06666666666666667
3049900,0.10526315789473684
3050000,0.5333333333333333
3050100,0.30612244897959184
3050202,0.08333333333333333
3050300,0.18604651162790697
3050400,0.08823529411764706
3050500,0.391304347826087
3050600,0.34285714285714286
3050700,0.3181818181818182
3050801,0.2553191489361702
3050803,0.1875
3050804,0.35
3050900,0.0
3051001,0.4492753623188406
3051002,0.13333333333333333
3051100,0.2
3051200,0.32653061224489793
3051300,0.4050632911392405
3051400,0.3620689655172414
3051500,0.13793103448275862
3051601,0.20588235294117646
3051602,0.2
3051700,0.3
3051800,0.25
3051900,0.4895833333333333
3052000,0.2777777777777778
3052300,0.3050847457627119
3052500,0.8
3052600,0.12903225806451613
3052700,0.43956043956043955
3052800,0.0
3052900,0.23076923076923078
3053000,0.2413793103448276
3053100,0.2903225806451613
3053200,0.7272727272727273
3053300,0.19230769230769232
3053400,0.13636363636363635
3053500,0.058823529411764705
3053700,0.0625
3053800,0.13043478260869565
3053900,0.0
3054200,0.125
3054300,0.2647058823529412
3054400,0.05263157894736842
3054500,0.275
3054600,0.3125
3054700,0.3333333333333333
3054800,0.08333333333333333
3054900,0.36363636363636365
3055000,0.13333333333333333
3055100,0.6060606060606061
3055200,0.16666666666666666
3055300,0.5714285714285714
3055400,0.23529411764705882
3055500,0.42168674698795183
3055600,0.1875
3055700,0.3472222222222222
3055800,0.058823529411764705
3056000,0.0
3056100,0.2545454545454545
3056200,0.2
3056300,0.2
3056400,0.0625
3056500,0.16666666666666666
3056600,0.13043478260869565
3056800,0.2
3056900,0.15384615384615385
3057000,0.13157894736842105
3057100,0.08695652173913043
3057200,0.3548387096774194
3057300,0.06666666666666667
3057400,0.0625
3057500,0.11428571428571428
3057600,0.13333333333333333
3057800,0.37142857142857144
3057900,0.27450980392156865
3058000,0.3076923076923077
3058200,0.17647058823529413
3058400,0.15789473684210525
3058600,0.2
3058800,0.08333333333333333
3058900,0.24324324324324326
3059000,0.0
3059100,0.22727272727272727
3059200,0.1
3059300,0.07142857142857142
3059401,0.26666666666666666
3059402,0.2857142857142857
3059600,0.35714285714285715
3059800,0.17391304347826086
3060000,0.15384615384615385
3060600,0.18518518518518517
3060800,0.18867924528301888
3061002,0.1111111111111111
3061003,0.0
3061004,0.20512820512820512
3061200,0.1111111111111111
3061600,0.06666666666666667
3062000,0.08333333333333333
3062200,0.19230769230769232
3062600,0.13043478260869565
3062800,0.3111111111111111
3063200,0.0
3063600,0.21428571428571427
3063800,0.0
3064000,0.08333333333333333
3064200,0.14285714285714285
3064400,0.0
3064600,0.1111111111111111
3064800,0.0
3065000,0.0
3065200,0.1
3065400,0.1111111111111111
3065600,0.0
3065800,0.0
3066000,0.0
3066200,0.06666666666666667
3066600,0.0
3067000,0.31343283582089554
3067200,0.047619047619047616
3067400,0.19230769230769232
3067600,0.14285714285714285
3067800,0.0
3068000,0.0
3068200,0.0
3068600,0.1875
3068800,0.05555555555555555
3069000,0.3076923076923077
3069200,0.16666666666666666
3069601,0.19230769230769232
3069602,0.14814814814814814
3069800,0.40789473684210525
3070000,0.0
3070201,0.28205128205128205
3070202,0.0
3070600,0.0
3072000,0.14814814814814814
3072200,0.16666666666666666
3072400,0.2
3072600,0.07142857142857142
3072800,0.14285714285714285
3073000,0.15789473684210525
3073200,0.125
3073400,0.0
3073600,0.10714285714285714
3073800,0.09090909090909091
3074000,0.3181818181818182
3074200,0.5526315789473685
3074400,0.0
3074600,0.16666666666666666
3074800,0.0
3075000,0.16666666666666666
3075200,0.125
3075400,0.0
3075600,0.0625
3075800,0.23809523809523808
3076000,0.0
3076200,0.04
3076400,0.09523809523809523
3076600,0.0
3076800,0.15789473684210525
3077000,0.03571428571428571
3077200,0.3333333333333333
3077400,0.175
3077600,0.352112676056338
3078000,0.058823529411764705
3078200,0.0
3078400,0.09090909090909091
3078600,0.379746835443038
3078800,0.23214285714285715
3079000,0.359375
3079200,0.29850746268656714
3079400,0.47674418604651164
3079601,0.2413793103448276
3079602,0.5625
3079801,0.11764705882352941
3079802,0.42
3080000,0.3488372093023256
3080200,0.52
3080400,0.225
3080600,0.2222222222222222
3080800,0.4444444444444444
3081000,0.3611111111111111
3081400,0.4864864864864865
3081600,0.3409090909090909
3081800,0.6621621621621622
3082000,0.375
3082200,0.27692307692307694
3082400,0.47368421052631576
3082600,0.20408163265306123
3082800,0.2222222222222222
3083000,0.5064935064935064
3083200,0.06896551724137931
3083400,0.0
3083600,0.25925925925925924
3083800,0.08823529411764706
3084000,0.07692307692307693
3084600,0.14285714285714285
3084800,0.0625
3085000,0.15
3085200,0.0
3085400,0.18181818181818182
3085600,0.20689655172413793
3085800,0.0
3086000,0.20588235294117646
3086200,0.16666666666666666
3086400,0.10344827586206896
3086600,0.27906976744186046
3086800,0.3625
3087000,0.18181818181818182
3087200,0.1
3087401,0.29411764705882354
3087600,0.1
3087800,0.13513513513513514
3088000,0.2833333333333333
3088200,0.2413793103448276
3088400,0.3090909090909091
3088600,0.29310344827586204
3088800,0.40350877192982454
3089000,0.3253012048192771
3089200,0.5192307692307693
3089400,0.18421052631578946
3089600,0.2807017543859649
3089800,0.3548387096774194
3090000,0.36363636363636365
3090200,0.2127659574468085
3090600,0.5700934579439252
3090800,0.6423357664233577
3091000,0.3225806451612903
3091200,0.41379310344827586
3091600,0.2542372881355932
3091800,0.21875
3092000,0.3018867924528302
3092200,0.23809523809523808
3092400,0.27419354838709675
3092800,0.07407407407407407
3093000,0.16129032258064516
3093200,0.13793103448275862
3093400,0.09090909090909091
3093600,0.2222222222222222
3093800,0.20833333333333334
3094401,0.20930232558139536
3094402,0.07692307692307693
3094600,0.3793103448275862
3095000,0.20588235294117646
3095400,0.25
3095600,0.2857142857142857
3095800,0.18421052631578946
3096000,0.25
3096200,0.058823529411764705
3096400,0.37037037037037035
3096600,0.17391304347826086
3096800,0.15
3097000,0.045454545454545456
3097400,0.14516129032258066
3098200,0.5081967213114754
3098400,0.18181818181818182
3098600,0.14285714285714285
3098800,0.09523809523809523
3099000,0.23076923076923078
3099200,0.0
3099400,0.1
3099600,0.19047619047619047
3099800,0.15
3100400,0.17647058823529413
3100600,0.0
3100800,0.0
3101000,0.25
3101200,0.0
3101400,0.1111111111111111
3101600,0.1111111111111111
3101800,0.09090909090909091
3102000,0.0
3102200,0.1111111111111111
3102400,0.13043478260869565
3102600,0.0
3102800,0.23333333333333334
3103400,0.5694444444444444
3105801,0.6507936507936508
3105804,0.5
3107000,0.83125
3107800,0.21212121212121213
3109800,0.6
3110400,0.9204545454545454
3110600,0.3684210526315789
3111000,0.15151515151515152
3111600,0.40860215053763443
3111800,0.17647058823529413
3112000,0.2857142857142857
3112200,0.2549019607843137
3112400,0.5111111111111111
3112600,0.22641509433962265
3112800,0.42857142857142855
3113000,0.18604651162790697
3113200,0.2777777777777778
3113400,0.2830188679245283
3114201,0.4186046511627907
3114202,0.13636363636363635
3114400,0.5188679245283019
3114600,0.4603174603174603
3115000,0.40625
3115200,0.3709677419354839
3115600,0.4125
3115800,0.32075471698113206
3116000,0.1111111111111111
3116200,0.1111111111111111
3116400,0.5066666666666667
3116600,0.27906976744186046
3116800,0.038461538461538464
3117000,0.175
3117201,0.46153846153846156
3117202,0.15384615384615385
3117400,0.5344827586206896
3117601,0.2
3117602,0.11764705882352941
3117800,0.043478260869565216
3118000,0.275
3118201,0.125
3118202,0.125
3118400,0.17307692307692307
3118600,0.2
3118800,0.2698412698412698
3119000,0.1875
3119200,0.25925925925925924
3119400,0.17777777777777778
3119600,0.8064516129032258
3119800,0.39080459770114945
3120000,0.1111111111111111
3120200,0.6607142857142857
3120800,1.0564971751412429
3121000,0.15384615384615385
3121400,0.36538461538461536
3122000,0.5102040816326531
3123700,0.3275862068965517
3150200,0.05555555555555555
3152200,0.17777777777777778
4000100,0.3333333333333333
4000200,0.05
4000400,0.07407407407407407
4000600,0.07692307692307693
4000700,0.6747967479674797
4000800,0.07692307692307693
4001000,0.0
4001200,0.1
4001400,0.0
4001600,0.1
4001800,0.0
4001900,0.5092592592592593
4002000,0.0
4002200,0.08
4002400,0.14285714285714285
4002500,0.15384615384615385
4002600,0.041666666666666664
4002800,0.1
4003000,0.14285714285714285
4003100,0.34210526315789475
4003200,0.0
4003300,0.38235294117647056
4003400,0.21052631578947367
4003600,0.047619047619047616
4003700,0.125
4003800,0.2222222222222222
4003900,0.11764705882352941
4004001,0.0
4004002,0.15625
4004200,0.16
4004300,0.07407407407407407
4004401,0.3684210526315789
4004500,0.18518518518518517
4004700,0.05263157894736842
4005000,0.2
4005100,0.1111111111111111
4005200,0.0
4005300,0.4411764705882353
4005400,0.4426229508196721
4005500,0.2413793103448276
4005700,0.20930232558139536
4005800,0.3488372093023256
4005900,0.24390243902439024
4006100,0.42028985507246375
4006201,0.09090909090909091
4006202,0.4927536231884058
4006300,0.18181818181818182
4006501,0.08823529411764706
4006502,0.20588235294117646
4006900,0.2222222222222222
4007100,0.23076923076923078
4007300,0.1
4007500,0.13333333333333333
4007700,0.08333333333333333
4007900,0.09090909090909091
4008100,0.1
4008300,0.14285714285714285
4008500,0.26666666666666666
4008600,0.18181818181818182
4008700,0.25
4008800,0.16666666666666666
4009100,0.13333333333333333
4009400,0.21052631578947367
4009500,0.07142857142857142
4009600,0.0
4009700,0.0
4009800,0.25
4009900,0.125
4010000,0.6906474820143885
4010100,0.0
4010200,0.13636363636363635
4010300,0.15789473684210525
4010400,0.08695652173913043
4010500,0.0
4010600,0.0
4010701,0.0
4010800,0.0
4011000,0.0
4011100,0.0
4011200,0.3157894736842105
4011300,0.21621621621621623
4011400,0.0
4011500,0.2
4011600,0.1
4011700,0.13636363636363635
4011800,0.058823529411764705
4011900,0.14285714285714285
4012000,0.1
4012100,0.21052631578947367
4012200,0.2608695652173913
4012301,0.49019607843137253
4012400,0.25
4012500,0.29545454545454547
4012601,0.08333333333333333
4012602,0.0
4012800,0.09090909090909091
4013000,0.16129032258064516
4013200,0.06666666666666667
4013400,0.21052631578947367
4013500,0.0
4013600,0.0
4013700,0.0
4013800,0.07692307692307693
4014000,0.14285714285714285
4014100,0.0
4014201,0.15
4014202,0.3157894736842105
4014300,0.2857142857142857
4014400,0.19047619047619047
4014500,0.2
4014700,0.0
4014800,0.07142857142857142
4014900,0.0
4015000,0.0
4015100,0.0
4015200,0.047619047619047616
4015300,0.1935483870967742
4015400,0.07692307692307693
4015500,0.3
4015600,0.09523809523809523
4015700,0.047619047619047616
4015801,0.20454545454545456
4015802,0.5753424657534246
4015900,0.041666666666666664
4016100,0.27586206896551724
4016300,0.28
4016400,0.13043478260869565
4016600,0.2549019607843137
4016800,0.16666666666666666
4016900,0.17647058823529413
4017000,0.2413793103448276
4017100,0.23076923076923078
4017200,0.045454545454545456
4017400,0.24
4017600,0.16666666666666666
4017800,0.1935483870967742
4017900,0.3064516129032258
4018000,0.12903225806451613
4018101,0.15
4018102,0.1724137931034483
4018200,0.058823529411764705
4018300,0.17142857142857143
4018401,0.16666666666666666
4018402,0.1
4018501,0.0625
4018502,0.0
4018600,0.08333333333333333
4018700,0.10526315789473684
4018800,0.34615384615384615
4018900,0.09090909090909091
4019000,0.1
4019200,0.07692307692307693
4019400,0.36
4019600,0.1
4019800,0.20689655172413793
4019900,0.1891891891891892
4020200,0.23529411764705882
4020400,0.3333333333333333
4020500,0.07692307692307693
4020600,0.0625
4020800,0.25
4021200,0.45454545454545453
4021400,0.21212121212121213
4021600,0.15151515151515152
4021900,0.17391304347826086
4022001,0.10344827586206896
4022002,0.1724137931034483
4022900,0.0
4023000,0.0
4023200,0.26666666666666666
4023500,0.2926829268292683
4023600,0.16
4023800,0.42105263157894735
4024000,0.3488372093023256
4024300,0.46938775510204084
4024500,0.06666666666666667
4024600,0.0
4024700,0.0
4024900,0.13793103448275862
4025100,0.06896551724137931
4025301,0.11538461538461539
4025302,0.10526315789473684
4025400,0.47959183673469385
4025500,0.05555555555555555
4025700,0.0
4025800,0.1111111111111111
4025900,0.1
4026000,0.13043478260869565
4026100,0.40540540540540543
4026200,0.2631578947368421
4026300,0.4507042253521127
4026400,0.1111111111111111
4026500,0.24324324324324326
4026600,0.05555555555555555
4026700,0.14814814814814814
4026901,0.2
4026902,0.0625
4027000,0.15384615384615385
4027100,0.275
4027200,0.0
4027300,0.4024390243902439
4027400,0.0
4027500,0.29508196721311475
4027600,0.08333333333333333
4027700,0.4603174603174603
4027800,0.0
4027900,0.35
4028000,0.09090909090909091
4028100,0.3787878787878788
4028200,0.047619047619047616
4028300,0.4111111111111111
4028400,0.9354838709677419
4028500,0.4722222222222222
4028700,0.45714285714285713
4028800,0.34615384615384615
4028900,0.6105263157894737
4029100,0.5897435897435898
4029300,0.07692307692307693
4029400,0.5487804878048781
4029500,0.037037037037037035
4029700,0.46938775510204084
4029900,0.0
4030600,0.5081967213114754
4030902,0.22950819672131148
4030903,0.24
4030904,0.13953488372093023
4031700,0.3333333333333333
4032000,0.36507936507936506
4032700,0.36363636363636365
4032800,0.29411764705882354
4032900,0.2916666666666667
4033000,0.4166666666666667
4033100,0.0
4033401,0.08333333333333333
4033402,0.9523809523809523
4033700,0.14285714285714285
4033900,0.16129032258064516
4034700,0.1935483870967742
4035100,0.3698630136986301
4035200,0.2777777777777778
4035300,0.03333333333333333
4035700,0.22033898305084745
4035800,0.2765957446808511
4036100,0.14285714285714285
4036300,0.17857142857142858
4036500,0.16
4036600,0.08823529411764706
4036700,0.28
4036800,0.125
4037100,0.06666666666666667
4037300,0.2926829268292683
4037500,0.5909090909090909
4037600,0.11764705882352941
4037700,0.1590909090909091
4037900,0.5568181818181818
4038100,0.5844155844155844
4038301,0.19047619047619047
4038302,0.4098360655737705
4038400,0.07407407407407407
4039400,0.05555555555555555
4039800,0.0
4039900,0.17073170731707318
4040000,0.08333333333333333
4040100,0.42028985507246375
4040200,0.1
4040300,0.2727272727272727
4040400,0.16129032258064516
4040500,0.5421686746987951
4040700,0.6417910447761194
4040900,0.21052631578947367
4041100,0.2413793103448276
4041300,0.13636363636363635
4041400,0.3
4041500,0.14814814814814814
4042400,0.09090909090909091
4042600,0.0
4042700,0.35714285714285715
4043200,0.11764705882352941
4043400,0.08333333333333333
4043701,0.08333333333333333
4043702,0.16129032258064516
4043900,0.25
4044000,0.25
4044301,0.13333333333333333
4044302,0.32857142857142857
4044400,0.4189189189189189
4044601,0.8175675675675675
4044602,0.5974025974025974
4044800,0.2413793103448276
4045000,0.0
4045200,0.15384615384615385
4045400,0.22641509433962265
4045500,0.07692307692307693
4045600,0.07142857142857142
4045700,0.0
4045800,0.1935483870967742
4045900,0.08695652173913043
4046000,0.4954128440366973
4046100,0.058823529411764705
4046200,0.5285714285714286
4046300,0.37777777777777777
4046400,0.11764705882352941
4046500,0.13043478260869565
4046600,0.23404255319148937
4046700,0.13793103448275862
4046800,0.14814814814814814
4046900,0.2127659574468085
4047000,0.08695652173913043
4047100,0.17647058823529413
4047200,0.4594594594594595
4047300,0.4489795918367347
4047500,0.28125
4047600,0.3181818181818182
4047800,0.2619047619047619
4047900,0.06060606060606061
4048000,0.16
4048100,0.25
4048200,0.0
4048300,0.525
4048400,0.2558139534883721
4048500,0.13793103448275862
4048900,0.09090909090909091
4049200,0.14285714285714285
4049301,0.0
4049302,0.0
4049500,0.0
4049600,0.16666666666666666
4049700,0.1111111111111111
4049900,0.17142857142857143
4050000,0.09375
4050201,0.0
4050202,0.0625
4050400,0.07142857142857142
4050500,0.0
4050600,0.0
4050700,0.24
4050800,0.058823529411764705
4051000,0.043478260869565216
4051100,0.07692307692307693
4051200,0.13793103448275862
4051300,0.1111111111111111
4051500,0.07142857142857142
4051600,0.0
4051700,0.14285714285714285
4051800,0.15384615384615385
4052000,0.0
4052100,0.10526315789473684
4052200,0.15384615384615385
4052400,0.1
4052500,0.0
4052600,0.391304347826087
4052800,0.0625
4053000,0.1111111111111111
4053100,0.2
4053200,0.14285714285714285
4053401,0.43478260869565216
4053500,0.19047619047619047
4053601,0.21052631578947367
4053800,0.07142857142857142
4053900,0.38
4054000,0.14285714285714285
4054200,0.35135135135135137
4054500,0.16666666666666666
4054700,0.24390243902439024
4054800,0.0
4054900,0.4810126582278481
4055100,0.5714285714285714
4055200,0.25806451612903225
4055300,0.2222222222222222
4055400,0.18181818181818182
4055500,0.10344827586206896
4055600,0.14285714285714285
4055700,0.15384615384615385
4055800,0.0
4055900,0.23333333333333334
4056000,0.38461538461538464
4056100,0.0
4056200,0.0
4056400,0.1111111111111111
4056500,0.17647058823529413
4056600,0.13793103448275862
4056700,0.17857142857142858
4056800,0.5142857142857142
4057700,0.20689655172413793
4057900,0.0
4058000,0.3055555555555556
4058100,0.21052631578947367
4058200,0.2708333333333333
4058300,0.14814814814814814
4058500,0.18518518518518517
4058700,0.16666666666666666
4058900,0.3170731707317073
4059000,0.0
4059100,0.2702702702702703
4059200,0.14285714285714285
4059300,0.25
4059400,0.0
4059500,0.12903225806451613
4059600,0.13333333333333333
4059800,0.1111111111111111
4059900,0.3
4060000,0.5384615384615384
4060100,0.0
4060300,0.14285714285714285
4060600,0.0
4060701,0.0625
4060800,0.1111111111111111
4061000,0.23529411764705882
4061200,0.23076923076923078
4061301,0.23529411764705882
4061400,0.0
4061601,0.05263157894736842
4061602,0.0
4061800,0.13636363636363635
4061900,0.07692307692307693
4062000,0.16666666666666666
4062100,0.42105263157894735
4062200,0.1111111111111111
4062300,0.0
4062400,0.0
4062500,0.28125
4062600,0.2702702702702703
4062700,0.07142857142857142
4062900,0.15384615384615385
4063000,0.15789473684210525
4063200,0.17142857142857143
4063301,0.0
4063302,0.08333333333333333
4063500,0.08333333333333333
4063700,0.24489795918367346
4063800,0.3333333333333333
4063900,0.034482758620689655
4064101,0.0
4064102,0.14285714285714285
4064500,0.06666666666666667
4064600,0.058823529411764705
4065000,0.08333333333333333
4065400,0.2222222222222222
4065501,0.15789473684210525
4065600,0.13333333333333333
4065702,0.0
4065703,0.23076923076923078
4065900,0.0
4066000,0.06896551724137931
4066100,0.125
4066300,0.05555555555555555
4066400,0.3333333333333333
4066501,0.0
4066701,0.0
4066900,0.45454545454545453
4067100,0.0
4067700,0.0
4067900,0.21052631578947367
4068000,0.32786885245901637
4068200,0.15384615384615385
4068300,0.9945945945945946
4068700,0.35
4069000,0.13333333333333333
4069300,0.15
4069400,0.20689655172413793
4069500,0.0
4069701,0.08333333333333333
4069702,0.23076923076923078
4070300,0.11764705882352941
4070700,0.13333333333333333
4070900,0.16
4071100,0.43859649122807015
4071303,0.25
4071304,0.3548387096774194
4071305,0.0
4071306,0.18518518518518517
4071600,0.0
4071701,0.175
4071702,0.27906976744186046
4071900,0.15
4072100,0.04
4072300,0.0
4072900,0.06666666666666667
4073100,0.1
4073700,0.13333333333333333
4073900,0.175
4074100,0.0
4074300,0.19047619047619047
4074500,0.0
4074700,0.16666666666666666
4074900,0.0
4075701,0.13636363636363635
4075702,0.0
4076901,0.13636363636363635
4076902,0.07142857142857142
4077300,0.18181818181818182
4077500,0.12
4077902,0.2916666666666667
4077903,0.09090909090909091
4077904,0.17142857142857143
4077905,0.09090909090909091
4077906,0.045454545454545456
4077907,0.125
4077908,0.125
4078800,0.0
4079000,0.1111111111111111
4079200,0.2894736842105263
4079701,0.045454545454545456
4079702,0.10344827586206896
4079900,0.1875
4080301,0.18421052631578946
4080302,0.3225806451612903
4080900,0.5256410256410257
4081400,0.3
4081800,0.2
4083700,0.19298245614035087
4083800,0.28125
4084000,0.3409090909090909
4084500,0.21621621621621623
4084601,0.0
4084602,0.15
4084900,0.4230769230769231
4085300,0.2153846153846154
4085500,0.19230769230769232
4085700,0.15384615384615385
4085900,0.08
4086100,0.15384615384615385
4086300,0.34782608695652173
4086400,0.21739130434782608
4086500,0.27586206896551724
4086900,0.7070707070707071
4087100,1.2707423580786026
4088400,0.8352941176470589
4088901,0.44285714285714284
4089200,0.38271604938271603
4090700,0.14285714285714285
4091601,0.058823529411764705
4091900,0.08333333333333333
4092200,0.1111111111111111
4092500,0.4
4092800,0.17647058823529413
4092900,0.3
4093401,0.0
4093402,0.13636363636363635
4093800,0.21739130434782608
4093900,0.2857142857142857
4094201,0.3953488372093023
4094202,0.9292035398230089
4094203,0.28888888888888886
4094500,0.5079365079365079
4094700,0.0
4095400,0.35135135135135137
4096400,0.40540540540540543
4097202,0.1
4097203,0.5340909090909091
4097204,0.1388888888888889
4097300,0.0
4098100,0.15789473684210525
4098700,0.375
4099100,0.10714285714285714
4099200,0.16666666666666666
4099701,0.2
4099703,0.20833333333333334
4099704,0.10526315789473684
4099705,0.16666666666666666
4099801,0.44680851063829785
4099802,0.24444444444444444
4100801,0.058823529411764705
4100802,0.7297297297297297
4101001,0.32786885245901637
4101002,0.16666666666666666
4101700,0.2692307692307692
4102900,0.3181818181818182
4103201,0.6391752577319587
4103202,0.6161616161616161
4103300,0.14285714285714285
4103900,0.325
4104700,0.07317073170731707
4105900,0.1111111111111111
4107201,0.3888888888888889
4108500,0.30434782608695654
4109300,0.5217391304347826
4109700,0.08333333333333333
4109900,0.09090909090909091
4111300,0.25
4112300,0.5172413793103449
4112900,0.23809523809523808
4113300,0.09090909090909091
4113900,0.15384615384615385
4114100,0.1
4114700,0.0
4115100,0.0
4115500,0.0
4115700,0.22580645161290322
4115900,0.043478260869565216
4116100,0.21428571428571427
4116300,0.15151515151515152
4116700,0.1111111111111111
4117100,0.13043478260869565
4117500,0.2
4118100,0.0
4118500,0.0
4118700,0.07692307692307693
4118900,0.15789473684210525
4119100,0.1111111111111111
4119300,0.0
4119500,0.0
4119900,0.0
4120100,0.23076923076923078
4120300,0.0
4120500,0.1
4120700,0.34782608695652173
4121100,0.0
4121500,0.3333333333333333
4122300,0.2
4122701,0.6559139784946236
4122702,0.4125
4124100,0.3103448275862069
4124700,0.20833333333333334
4125700,0.08333333333333333
4126500,0.0
4126700,0.17857142857142858
4127700,0.2631578947368421
4128300,0.25
4129102,0.16
4129103,0.13636363636363635
4129104,0.14814814814814814
4130100,0.3170731707317073
4133300,0.23333333333333334
4133900,0.0
4134100,0.475
4134700,0.37681159420289856
4136700,0.17142857142857143
4137700,0.35714285714285715
4138501,0.21621621621621623
4138502,0.08333333333333333
4139900,0.0625
4140300,0.0
4140901,0.1111111111111111
4140902,0.18181818181818182
4141700,0.2
4142900,0.3103448275862069
4143500,0.0
4144100,0.10526315789473684
4144700,0.05
4145101,0.0
4145102,0.0
4145900,0.4583333333333333
4146300,0.0
4146700,0.13333333333333333
4147100,0.25
4147900,0.21875
4148300,0.2857142857142857
4150701,0.15789473684210525
4150702,0.23076923076923078
4152901,0.45614035087719296
4152902,0.1891891891891892
4155101,0.0
4155102,0.2857142857142857
4156700,0.15789473684210525
4157101,0.6086956521739131
4157102,0.0
4157901,0.2647058823529412
4157902,0.07142857142857142
4157903,0.22727272727272727
4161700,0.16129032258064516
4162100,0.24444444444444444
5000300,0.3090909090909091
5000600,0.19047619047619047
5000700,0.2833333333333333
5000800,0.16666666666666666
5000900,0.05555555555555555
5001100,0.3673469387755102
5001700,0.07142857142857142
5002001,0.13333333333333333
5002002,0.125
5002100,0.49411764705882355
5002700,0.13043478260869565
5002900,0.4305555555555556
5003300,0.21739130434782608
5003600,0.09090909090909091
5003900,0.1111111111111111
5004000,0.44047619047619047
5004700,0.2
5005000,0.4
5005900,0.0
5006400,0.14814814814814814
5006700,0.038461538461538464
5007000,0.17073170731707318
5007400,0.25925925925925924
5007500,0.0
5007700,0.06666666666666667
5008100,0.16216216216216217
5009601,0.2962962962962963
5009602,0.17391304347826086
5009700,0.22857142857142856
5010500,0.1702127659574468
5011201,0.058823529411764705
5011202,0.4915254237288136
5011401,0.13333333333333333
5011402,0.06666666666666667
5012100,0.0
5012200,0.28125
5012500,0.07142857142857142
5012804,0.24
5012805,0.0
5012806,0.3548387096774194
5013201,0.0
5013203,0.09523809523809523
5013204,0.13333333333333333
5013301,0.0
5013302,0.5584415584415584
5013400,0.3076923076923077
5013800,0.0
5014100,0.1875
5014604,0.175
5014605,0.1111111111111111
5014606,0.13043478260869565
5014607,0.05555555555555555
5014608,0.14285714285714285
5014700,0.25
5015100,0.16666666666666666
5015400,0.0
5015601,0.2727272727272727
5015602,0.0
5015603,0.16
5016901,0.06666666666666667
5017005,0.0
5017007,0.09090909090909091
5017008,0.0
5017009,0.11764705882352941
5017010,0.19230769230769232
5017011,0.10526315789473684
5017012,0.125
5017300,0.07692307692307693
5017600,0.17647058823529413
5017700,0.15625
5018100,0.10526315789473684
5018701,0.0
5018702,0.1111111111111111
5018901,0.22727272727272727
5018902,0.2
5019700,0.2
5019800,0.16
5020100,0.3333333333333333
5020700,0.5392156862745098
5020801,0.17647058823529413
5020803,0.15
5020804,0.047619047619047616
5021300,0.2857142857142857
5022300,0.10526315789473684
5022600,0.15384615384615385
5022800,0.21052631578947367
5023100,0.23404255319148937
5023900,0.12903225806451613
5024401,0.17857142857142858
5024402,0.1111111111111111
5024700,0.20689655172413793
5024800,0.27941176470588236
5025100,0.08
5027301,0.08333333333333333
5027302,0.0
5027702,0.5638297872340425
5027704,0.08333333333333333
5027705,0.0
5027706,0.14285714285714285
5027900,0.0
5029102,0.4230769230769231
5029103,0.17857142857142858
5029104,1.675
5030301,0.0
5030302,0.3620689655172414
5031901,0.16216216216216217
5031902,0.6136363636363636
5032300,0.25
