FID,boro_ct2010,TaxiZoneID,borough
0,5000900,206,Staten Island
1,1009800,229,Manhattan
2,1010000,162,Manhattan
3,1010200,161,Manhattan
4,1010400,161,Manhattan
5,1011300,100,Manhattan
6,1011402,237,Manhattan
7,1013000,237,Manhattan
8,1014000,236,Manhattan
9,1014801,236,Manhattan
10,1018400,74,Manhattan
11,1019000,41,Manhattan
12,1020600,42,Manhattan
13,3007800,228,Brooklyn
14,3008000,228,Brooklyn
15,1024900,244,Manhattan
16,1026100,244,Manhattan
17,1026300,244,Manhattan
18,1026900,243,Manhattan
19,1027700,243,Manhattan
20,3000501,33,Brooklyn
21,3004100,25,Brooklyn
22,3005800,14,Brooklyn
23,3006000,14,Brooklyn
24,3006700,52,Brooklyn
25,3006900,25,Brooklyn
26,3007400,228,Brooklyn
27,3009800,227,Brooklyn
28,3010100,228,Brooklyn
29,3010200,227,Brooklyn
30,3010400,227,Brooklyn
31,3010800,227,Brooklyn
32,3011000,227,Brooklyn
33,3011400,26,Brooklyn
34,3012801,67,Brooklyn
35,3013000,14,Brooklyn
36,3013200,67,Brooklyn
37,3013300,181,Brooklyn
38,3013700,181,Brooklyn
39,3013900,181,Brooklyn
40,3015100,181,Brooklyn
41,3015300,181,Brooklyn
42,3015500,181,Brooklyn
43,3015700,181,Brooklyn
44,5029102,23,Staten Island
45,3017000,11,Brooklyn
46,3017800,11,Brooklyn
47,3018600,22,Brooklyn
48,3018800,22,Brooklyn
49,3019000,22,Brooklyn
50,3019200,26,Brooklyn
51,3019400,67,Brooklyn
52,3019500,49,Brooklyn
53,3019600,67,Brooklyn
54,3019700,49,Brooklyn
55,3019800,67,Brooklyn
56,3020400,67,Brooklyn
57,3020800,67,Brooklyn
58,3021000,67,Brooklyn
59,3021200,67,Brooklyn
60,3021400,26,Brooklyn
61,3021900,61,Brooklyn
62,3022000,26,Brooklyn
63,3022100,61,Brooklyn
64,3022200,26,Brooklyn
65,3022700,49,Brooklyn
66,3023500,49,Brooklyn
67,3023600,26,Brooklyn
68,3023800,26,Brooklyn
69,3024000,26,Brooklyn
70,3024200,26,Brooklyn
71,3024500,17,Brooklyn
72,3024600,26,Brooklyn
73,3024700,61,Brooklyn
74,3024800,22,Brooklyn
75,3024900,17,Brooklyn
76,3025000,22,Brooklyn
77,3040600,21,Brooklyn
78,3025200,22,Brooklyn
79,3025400,22,Brooklyn
80,3025600,22,Brooklyn
81,3025800,22,Brooklyn
82,3026000,22,Brooklyn
83,3026200,22,Brooklyn
84,3026300,17,Brooklyn
85,3026400,22,Brooklyn
86,3026600,22,Brooklyn
87,3026700,17,Brooklyn
88,3026800,22,Brooklyn
89,3026900,17,Brooklyn
90,3027000,22,Brooklyn
91,3027200,22,Brooklyn
92,3027300,225,Brooklyn
93,3027400,22,Brooklyn
94,3027600,22,Brooklyn
95,3027800,22,Brooklyn
96,3027900,225,Brooklyn
97,3028400,22,Brooklyn
98,3028501,37,Brooklyn
99,3028800,22,Brooklyn
100,3029100,225,Brooklyn
101,3029300,225,Brooklyn
102,3029700,61,Brooklyn
103,3029800,21,Brooklyn
104,3030000,21,Brooklyn
105,3030500,61,Brooklyn
106,3030900,61,Brooklyn
107,3031701,61,Brooklyn
108,3032300,62,Brooklyn
109,3032900,188,Brooklyn
110,3033100,62,Brooklyn
111,3033700,61,Brooklyn
112,3033900,61,Brooklyn
113,3034100,61,Brooklyn
114,3034200,55,Brooklyn
115,3036300,177,Brooklyn
116,3038800,123,Brooklyn
117,3039600,123,Brooklyn
118,3039700,37,Brooklyn
119,3039900,37,Brooklyn
120,3040100,37,Brooklyn
121,3040400,21,Brooklyn
122,3040800,21,Brooklyn
123,3041300,37,Brooklyn
124,3041401,123,Brooklyn
125,3041500,37,Brooklyn
126,3041700,37,Brooklyn
127,3041800,123,Brooklyn
128,3041900,37,Brooklyn
129,3042000,123,Brooklyn
130,3042100,37,Brooklyn
131,3042600,21,Brooklyn
132,3042700,36,Brooklyn
133,3042800,21,Brooklyn
134,3042900,36,Brooklyn
135,3043000,21,Brooklyn
136,3043100,36,Brooklyn
137,3043200,21,Brooklyn
138,3043300,36,Brooklyn
139,3043400,21,Brooklyn
140,3043500,36,Brooklyn
141,3043600,21,Brooklyn
142,3043900,36,Brooklyn
143,3044000,178,Brooklyn
144,3044100,36,Brooklyn
145,3044200,178,Brooklyn
146,3044300,36,Brooklyn
147,3044400,178,Brooklyn
148,3044600,26,Brooklyn
149,3045200,178,Brooklyn
150,3045400,178,Brooklyn
151,3045600,165,Brooklyn
152,3046000,89,Brooklyn
153,3047000,26,Brooklyn
154,3047200,26,Brooklyn
155,3047600,26,Brooklyn
156,3049500,80,Brooklyn
157,3049900,112,Brooklyn
158,3050300,80,Brooklyn
159,3050500,80,Brooklyn
160,3050801,89,Brooklyn
161,3051001,89,Brooklyn
162,3051400,89,Brooklyn
163,3051601,89,Brooklyn
164,3051602,89,Brooklyn
165,3051700,255,Brooklyn
166,3051800,89,Brooklyn
167,3052000,89,Brooklyn
168,3052600,89,Brooklyn
169,3052800,89,Brooklyn
170,3053000,165,Brooklyn
171,3053200,165,Brooklyn
172,3053300,217,Brooklyn
173,3053400,165,Brooklyn
174,3053800,165,Brooklyn
175,3054200,165,Brooklyn
176,3054400,165,Brooklyn
177,3055000,149,Brooklyn
178,3055200,149,Brooklyn
179,3055800,149,Brooklyn
180,3056000,149,Brooklyn
181,3056200,149,Brooklyn
182,3056400,149,Brooklyn
183,3056600,149,Brooklyn
184,3056800,149,Brooklyn
185,3056900,112,Brooklyn
186,3057000,210,Brooklyn
187,3057100,112,Brooklyn
188,3057200,210,Brooklyn
189,3057300,112,Brooklyn
190,3057400,149,Brooklyn
191,3057600,149,Brooklyn
192,3057800,149,Brooklyn
193,3058000,149,Brooklyn
194,3058600,210,Brooklyn
195,3059100,112,Brooklyn
196,3059200,210,Brooklyn
197,3059401,210,Brooklyn
198,3059402,210,Brooklyn
199,3059600,210,Brooklyn
200,3060000,210,Brooklyn
201,3063200,210,Brooklyn
202,3063600,155,Brooklyn
203,3063800,149,Brooklyn
204,3064000,155,Brooklyn
205,3064600,155,Brooklyn
206,3064800,155,Brooklyn
207,3065000,91,Brooklyn
208,3065200,155,Brooklyn
209,3065400,155,Brooklyn
210,3065600,155,Brooklyn
211,3065800,155,Brooklyn
212,3066000,155,Brooklyn
213,3067000,155,Brooklyn
214,3067200,91,Brooklyn
215,3067400,91,Brooklyn
216,3067600,91,Brooklyn
217,3067800,91,Brooklyn
218,3068000,91,Brooklyn
219,3068200,91,Brooklyn
220,3068600,155,Brooklyn
221,3068800,91,Brooklyn
222,3069000,91,Brooklyn
223,3069200,91,Brooklyn
224,3072800,91,Brooklyn
225,3073400,91,Brooklyn
226,3073800,91,Brooklyn
227,3074000,91,Brooklyn
228,3074400,91,Brooklyn
229,3074600,91,Brooklyn
230,3074800,165,Brooklyn
231,3075000,165,Brooklyn
232,3075200,165,Brooklyn
233,3075400,165,Brooklyn
234,3075600,165,Brooklyn
235,3076000,165,Brooklyn
236,3076200,165,Brooklyn
237,3076400,89,Brooklyn
238,3076800,165,Brooklyn
239,3078400,71,Brooklyn
240,3079000,85,Brooklyn
241,3079200,85,Brooklyn
242,3079601,188,Brooklyn
243,3080000,188,Brooklyn
244,3080400,188,Brooklyn
245,3080600,188,Brooklyn
246,3081400,71,Brooklyn
247,3081800,85,Brooklyn
248,3082400,85,Brooklyn
249,3083200,71,Brooklyn
250,3083600,71,Brooklyn
251,3083800,71,Brooklyn
252,3084000,71,Brooklyn
253,3084600,72,Brooklyn
254,3084800,72,Brooklyn
255,3085000,71,Brooklyn
256,3086200,72,Brooklyn
257,3086400,72,Brooklyn
258,3086600,72,Brooklyn
259,3086800,72,Brooklyn
260,3087000,71,Brooklyn
261,3087800,188,Brooklyn
262,3089000,72,Brooklyn
263,3089600,35,Brooklyn
264,3089800,35,Brooklyn
265,3090200,35,Brooklyn
266,3091600,35,Brooklyn
267,3092400,35,Brooklyn
268,3013500,181,Brooklyn
269,3092800,72,Brooklyn
270,3093000,72,Brooklyn
271,3095400,39,Brooklyn
272,3096400,39,Brooklyn
273,3096600,39,Brooklyn
274,3096800,39,Brooklyn
275,3097000,39,Brooklyn
276,3098400,39,Brooklyn
277,3098600,39,Brooklyn
278,3099200,39,Brooklyn
279,3099400,39,Brooklyn
280,3099600,39,Brooklyn
281,3100400,39,Brooklyn
282,3100600,39,Brooklyn
283,3100800,39,Brooklyn
284,3101000,39,Brooklyn
285,3101400,39,Brooklyn
286,3101600,39,Brooklyn
287,3102000,39,Brooklyn
288,3102400,39,Brooklyn
289,3102600,39,Brooklyn
290,3111000,76,Brooklyn
291,3112400,76,Brooklyn
292,3112600,77,Brooklyn
293,3112800,77,Brooklyn
294,3113000,77,Brooklyn
295,3113400,77,Brooklyn
296,3114600,63,Brooklyn
297,3115000,76,Brooklyn
298,3115200,76,Brooklyn
299,3115600,77,Brooklyn
300,3116000,76,Brooklyn
301,3116200,76,Brooklyn
302,3116400,76,Brooklyn
303,3117000,76,Brooklyn
304,3117201,63,Brooklyn
305,3117202,63,Brooklyn
306,3119400,76,Brooklyn
307,2003300,168,Bronx
308,2003500,168,Bronx
309,2003800,213,Bronx
310,2004001,212,Bronx
311,2017500,69,Bronx
312,2004400,212,Bronx
313,2004800,212,Bronx
314,2006800,212,Bronx
315,2007000,212,Bronx
316,2008900,126,Bronx
317,2012101,167,Bronx
318,2012500,167,Bronx
319,2013100,147,Bronx
320,2014300,69,Bronx
321,2016200,208,Bronx
322,2016600,208,Bronx
323,2017902,69,Bronx
324,2020200,250,Bronx
325,2020400,250,Bronx
326,2020601,250,Bronx
327,2021601,248,Bronx
328,2022102,247,Bronx
329,2022300,247,Bronx
330,2023200,242,Bronx
331,2023600,242,Bronx
332,2024300,235,Bronx
333,2024600,185,Bronx
334,2025000,185,Bronx
335,2025200,242,Bronx
336,2025400,242,Bronx
337,2028700,220,Bronx
338,2028800,185,Bronx
339,2030100,220,Bronx
340,2031200,3,Bronx
341,2031400,3,Bronx
342,2033000,32,Bronx
343,2036000,3,Bronx
344,2036502,78,Bronx
345,2036800,254,Bronx
346,2037000,254,Bronx
347,2037200,254,Bronx
348,2039200,254,Bronx
349,2039400,254,Bronx
350,2039600,254,Bronx
351,2039800,254,Bronx
352,2040100,18,Bronx
353,2040303,241,Bronx
354,2040304,241,Bronx
355,2040400,254,Bronx
356,2040501,18,Bronx
357,2040502,18,Bronx
358,2040600,254,Bronx
359,2040701,241,Bronx
360,2042200,254,Bronx
361,2042300,174,Bronx
362,2042400,254,Bronx
363,2042800,259,Bronx
364,2042902,174,Bronx
365,2043000,259,Bronx
366,2043400,259,Bronx
367,2043600,259,Bronx
368,4000200,258,Queens
369,4001000,258,Queens
370,4001400,258,Queens
371,4001600,258,Queens
372,4002800,197,Queens
373,4003100,146,Queens
374,4003800,258,Queens
375,4003900,193,Queens
376,4005100,146,Queens
377,4006502,7,Queens
378,4007900,179,Queens
379,4009400,216,Queens
380,4010200,216,Queens
381,4010400,216,Queens
382,4010600,216,Queens
383,4011100,223,Queens
384,4011200,197,Queens
385,4011300,223,Queens
386,4011400,197,Queens
387,4011500,223,Queens
388,4011600,197,Queens
389,4011700,223,Queens
390,4011900,223,Queens
391,4012100,223,Queens
392,4012400,197,Queens
393,4012601,197,Queens
394,4012602,197,Queens
395,4012800,197,Queens
396,4013000,197,Queens
397,4013600,134,Queens
398,4014000,134,Queens
399,4014300,7,Queens
400,4014500,7,Queens
401,4014700,7,Queens
402,4014900,7,Queens
403,4015300,7,Queens
404,4015400,197,Queens
405,4015600,197,Queens
406,4015802,216,Queens
407,4016100,7,Queens
408,4016400,216,Queens
409,4016600,216,Queens
410,4016800,216,Queens
411,4017200,216,Queens
412,4018000,216,Queens
413,4018501,226,Queens
414,4018502,226,Queens
415,4019000,10,Queens
416,4023000,28,Queens
417,4023200,28,Queens
418,4024700,260,Queens
419,4025900,260,Queens
420,4026100,260,Queens
421,4026600,215,Queens
422,4026901,82,Queens
423,4026902,82,Queens
424,4027000,215,Queens
425,4027100,82,Queens
426,4027200,10,Queens
427,4027300,129,Queens
428,4027400,10,Queens
429,4027500,129,Queens
430,4027700,129,Queens
431,4027900,129,Queens
432,4028000,205,Queens
433,4028100,129,Queens
434,4028300,129,Queens
435,4028500,129,Queens
436,4028700,129,Queens
437,4028900,129,Queens
438,4030903,129,Queens
439,4032700,129,Queens
440,4032900,129,Queens
441,4033700,129,Queens
442,4033900,129,Queens
443,4035100,129,Queens
444,4035300,70,Queens
445,4036100,70,Queens
446,4036300,70,Queens
447,4037500,173,Queens
448,4037700,173,Queens
449,4037900,173,Queens
450,4038400,205,Queens
451,4039400,205,Queens
452,4040000,205,Queens
453,4040200,205,Queens
454,4040300,173,Queens
455,4041100,56,Queens
456,4041300,56,Queens
457,4041500,56,Queens
458,4043400,215,Queens
459,4044301,56,Queens
460,4044302,56,Queens
461,4044602,130,Queens
462,4049600,191,Queens
463,4044800,28,Queens
464,4045700,82,Queens
465,4045900,82,Queens
466,4046100,82,Queens
467,4046700,82,Queens
468,4046900,82,Queens
469,4048100,82,Queens
470,4048300,83,Queens
471,4048900,83,Queens
472,4049500,157,Queens
473,4050201,122,Queens
474,4050202,122,Queens
475,4050400,122,Queens
476,4050600,122,Queens
477,4050800,122,Queens
478,4051000,122,Queens
479,4051200,191,Queens
480,4051800,205,Queens
481,4052000,205,Queens
482,4052400,205,Queens
483,4052500,157,Queens
484,4052600,205,Queens
485,4053000,205,Queens
486,4053200,191,Queens
487,4053601,191,Queens
488,4054000,191,Queens
489,4054200,191,Queens
490,4054500,198,Queens
491,4054700,198,Queens
492,4054900,198,Queens
493,4055100,198,Queens
494,4055300,198,Queens
495,4055600,191,Queens
496,4055800,191,Queens
497,1013400,141,Manhattan
498,4058300,198,Queens
499,4058500,198,Queens
500,4058700,198,Queens
501,4058900,198,Queens
502,4059100,198,Queens
503,4059300,198,Queens
504,4059400,38,Queens
505,4059600,38,Queens
506,4059800,38,Queens
507,4059900,157,Queens
508,4060000,38,Queens
509,4060600,38,Queens
510,4060800,38,Queens
511,4061400,38,Queens
512,4062700,102,Queens
513,4065702,160,Queens
514,4065703,160,Queens
515,4065900,160,Queens
516,4066000,203,Queens
517,4066100,160,Queens
518,4066701,160,Queens
519,4067100,160,Queens
520,4067700,160,Queens
521,4067900,160,Queens
522,4069300,196,Queens
523,4069500,196,Queens
524,4069701,196,Queens
525,4069702,196,Queens
526,4071306,95,Queens
527,4071900,95,Queens
528,4072100,95,Queens
529,4072900,95,Queens
530,4073900,95,Queens
531,4074100,95,Queens
532,4074300,95,Queens
533,4077904,135,Queens
534,4077906,135,Queens
535,4079900,192,Queens
536,4085300,92,Queens
537,4086100,73,Queens
538,4087100,92,Queens
539,4092800,201,Queens
540,4102900,252,Queens
541,4103300,252,Queens
542,4105900,171,Queens
543,4113900,9,Queens
544,4114700,171,Queens
545,4115700,171,Queens
546,4116100,92,Queens
547,4117500,171,Queens
548,4118100,9,Queens
549,4118500,73,Queens
550,4118700,73,Queens
551,4119100,73,Queens
552,4119300,73,Queens
553,4119500,73,Queens
554,4120300,73,Queens
555,4120500,73,Queens
556,4124100,121,Queens
557,4124700,121,Queens
558,4129104,175,Queens
559,4133900,98,Queens
560,4140901,16,Queens
561,4112900,16,Queens
562,4140902,9,Queens
563,4145102,16,Queens
564,4157901,101,Queens
565,4157902,101,Queens
566,4157903,101,Queens
567,4001800,258,Queens
568,4002000,258,Queens
569,4020400,130,Queens
570,4003200,258,Queens
571,4026700,82,Queens
572,2036901,78,Bronx
573,2036902,78,Bronx
574,4047000,130,Queens
575,2023501,169,Bronx
576,2040302,18,Bronx
577,2026702,241,Bronx
578,4048000,130,Queens
579,2023302,169,Bronx
580,4018800,10,Queens
581,4019200,10,Queens
582,4017400,216,Queens
583,4017600,216,Queens
584,4143500,16,Queens
585,4013800,134,Queens
586,4028400,10,Queens
587,4058000,191,Queens
588,4071303,95,Queens
589,2032800,32,Bronx
590,4077902,135,Queens
591,4077907,135,Queens
592,4017000,216,Queens
593,4019400,215,Queens
594,3097400,39,Brooklyn
595,3044500,36,Brooklyn
596,3044700,36,Brooklyn
597,3006600,14,Brooklyn
598,2051600,46,Bronx
599,3062000,150,Brooklyn
600,3039000,123,Brooklyn
601,2034000,32,Bronx
602,3004900,52,Brooklyn
603,3009400,227,Brooklyn
604,3009600,227,Brooklyn
605,3008200,228,Brooklyn
606,3008600,227,Brooklyn
607,3117602,63,Brooklyn
608,3034900,61,Brooklyn
609,3035100,61,Brooklyn
610,3064200,149,Brooklyn
611,3064400,155,Brooklyn
612,4005500,146,Queens
613,1011900,230,Manhattan
614,1012500,230,Manhattan
615,4115900,171,Queens
616,1022500,116,Manhattan
617,1029300,127,Manhattan
618,3020000,67,Brooklyn
619,3020200,67,Brooklyn
620,3016800,11,Brooklyn
621,2015800,208,Bronx
622,1003001,148,Manhattan
623,2015200,208,Bronx
624,3058200,123,Brooklyn
625,3055400,123,Brooklyn
626,3055600,123,Brooklyn
627,3021700,61,Brooklyn
628,3083400,71,Brooklyn
629,3085400,71,Brooklyn
630,2022403,185,Bronx
631,1001600,148,Manhattan
632,3046201,89,Brooklyn
633,2044800,259,Bronx
634,2034200,3,Bronx
635,2034400,3,Bronx
636,3025901,17,Brooklyn
637,3025902,17,Brooklyn
638,2022404,185,Bronx
639,4094700,53,Queens
640,3098200,39,Brooklyn
641,3003000,14,Brooklyn
642,4140300,16,Queens
643,4061302,198,Queens
644,4062300,102,Queens
645,4062500,102,Queens
646,4074500,95,Queens
647,4101700,15,Queens
648,4114100,171,Queens
649,4045000,28,Queens
650,3040300,37,Brooklyn
651,4126700,121,Queens
652,4122300,121,Queens
653,4134100,98,Queens
654,3036002,29,Brooklyn
655,3056100,112,Brooklyn
656,2033201,32,Bronx
657,4015200,197,Queens
658,4020600,130,Queens
659,3052700,256,Brooklyn
660,4047200,131,Queens
661,3093200,71,Brooklyn
662,4059000,38,Queens
663,4004700,7,Queens
664,3090800,35,Brooklyn
665,5011402,172,Staten Island
666,3111800,76,Brooklyn
667,3052900,217,Brooklyn
668,2036300,78,Bronx
669,4091900,53,Queens
670,4092500,53,Queens
671,3076600,89,Brooklyn
672,1012000,237,Manhattan
673,1012800,237,Manhattan
674,4045600,28,Queens
675,2021100,119,Bronx
676,4050500,160,Queens
677,2022800,185,Bronx
678,2027700,241,Bronx
679,2027300,241,Bronx
680,2042000,254,Bronx
681,2040800,254,Bronx
682,2021302,119,Bronx
683,3025700,17,Brooklyn
684,4157101,19,Queens
685,2026701,241,Bronx
686,4063301,102,Queens
687,4063302,102,Queens
688,2024400,242,Bronx
689,4085500,92,Queens
690,4086300,171,Queens
691,4086500,92,Queens
692,4116300,171,Queens
693,4104700,171,Queens
694,2022703,169,Bronx
695,2022702,169,Bronx
696,5017009,5,Staten Island
697,4035700,70,Queens
698,1015001,236,Manhattan
699,2009800,250,Bronx
700,4009600,216,Queens
701,4004500,7,Queens
702,4005300,7,Queens
703,3048000,89,Brooklyn
704,3048200,89,Brooklyn
705,3048400,133,Brooklyn
706,3117400,63,Brooklyn
707,3117601,63,Brooklyn
708,2021001,182,Bronx
709,2023800,242,Bronx
710,2022200,182,Bronx
711,3003600,14,Brooklyn
712,3006800,14,Brooklyn
713,4144700,16,Queens
714,4005700,7,Queens
715,4005900,7,Queens
716,4054800,191,Queens
717,4047300,82,Queens
718,2030000,183,Bronx
719,4015500,7,Queens
720,4015700,7,Queens
721,4015900,7,Queens
722,3119800,76,Brooklyn
723,1010601,229,Manhattan
724,3026100,17,Brooklyn
725,2030200,51,Bronx
726,3110600,76,Brooklyn
727,3036700,177,Brooklyn
728,3051100,80,Brooklyn
729,1012100,48,Manhattan
730,3016900,257,Brooklyn
731,3017100,257,Brooklyn
732,4059200,38,Queens
733,4062200,38,Queens
734,1022600,42,Manhattan
735,3102200,39,Brooklyn
736,1005501,114,Manhattan
737,1020800,42,Manhattan
738,2007700,159,Bronx
739,2007500,159,Bronx
740,2007300,159,Bronx
741,2007900,159,Bronx
742,3035601,55,Brooklyn
743,3061600,150,Brooklyn
744,3013100,181,Brooklyn
745,2037504,78,Bronx
746,3053700,217,Brooklyn
747,2026500,136,Bronx
748,3042200,123,Brooklyn
749,3043800,178,Brooklyn
750,3150200,257,Brooklyn
751,2038200,254,Bronx
752,3049400,133,Brooklyn
753,4007500,7,Queens
754,4007700,7,Queens
755,4045500,56,Queens
756,4063000,139,Queens
757,3014100,181,Brooklyn
758,4030904,129,Queens
759,4049200,131,Queens
760,4012200,197,Queens
761,4014400,197,Queens
762,4015000,197,Queens
763,3038500,225,Brooklyn
764,3030100,177,Brooklyn
765,4012000,197,Queens
766,4014800,197,Queens
767,2003100,168,Bronx
768,2005200,212,Bronx
769,3014900,181,Brooklyn
770,3014500,228,Brooklyn
771,3014700,228,Brooklyn
772,1009200,162,Manhattan
773,1011401,237,Manhattan
774,4146300,16,Queens
775,3025300,17,Brooklyn
776,4146700,16,Queens
777,3020600,67,Brooklyn
778,4100801,86,Queens
779,1000100,103,Manhattan
780,4002600,197,Queens
781,3044800,178,Brooklyn
782,3045000,178,Brooklyn
783,3080200,188,Brooklyn
784,3075800,165,Brooklyn
785,4115100,171,Queens
786,4117100,171,Queens
787,4040500,173,Queens
788,4040700,173,Queens
789,4040900,173,Queens
790,1013100,230,Manhattan
791,3062800,210,Brooklyn
792,4025700,260,Queens
793,4026300,260,Queens
794,3037700,225,Brooklyn
795,4026500,83,Queens
796,4029100,129,Queens
797,4029300,260,Queens
798,4051300,157,Queens
799,2021002,182,Bronx
800,2021200,182,Bronx
801,2038800,254,Bronx
802,2039000,254,Bronx
803,2038600,81,Bronx
804,3028300,225,Brooklyn
805,3037300,177,Brooklyn
806,3037500,225,Brooklyn
807,2022901,169,Bronx
808,1014900,142,Manhattan
809,4016900,226,Queens
810,2004600,213,Bronx
811,3034300,61,Brooklyn
812,3034500,61,Brooklyn
813,3011200,227,Brooklyn
814,2031000,3,Bronx
815,2027402,58,Bronx
816,3050803,89,Brooklyn
817,3007100,25,Brooklyn
818,3012700,25,Brooklyn
819,3028600,11,Brooklyn
820,3050804,89,Brooklyn
821,3039400,123,Brooklyn
822,3041402,123,Brooklyn
823,3041600,123,Brooklyn
824,3093400,72,Brooklyn
825,3094600,72,Brooklyn
826,4048200,122,Queens
827,3028502,225,Brooklyn
828,4006100,7,Queens
829,2016000,208,Bronx
830,3072000,91,Brooklyn
831,3072200,91,Brooklyn
832,1022700,116,Manhattan
833,4033000,218,Queens
834,4083800,216,Queens
835,1017402,75,Manhattan
836,2042901,174,Bronx
837,1021500,42,Manhattan
838,4046400,131,Queens
839,4127700,131,Queens
840,3024300,17,Brooklyn
841,3025100,17,Brooklyn
842,3026500,17,Brooklyn
843,4109700,16,Queens
844,1008800,233,Manhattan
845,1009000,233,Manhattan
846,3018100,97,Brooklyn
847,4084601,216,Queens
848,4139900,16,Queens
849,4129102,175,Queens
850,4074900,95,Queens
851,2042600,259,Bronx
852,4033402,218,Queens
853,3003700,25,Brooklyn
854,3003900,25,Brooklyn
855,3017400,11,Brooklyn
856,3017600,11,Brooklyn
857,4006501,7,Queens
858,4144100,16,Queens
859,3035700,61,Brooklyn
860,3035900,61,Brooklyn
861,2014100,167,Bronx
862,2018400,208,Bronx
863,2016400,208,Bronx
864,3028100,225,Brooklyn
865,2008700,147,Bronx
866,4051100,157,Queens
867,4025400,215,Queens
868,1001402,232,Manhattan
869,4044601,130,Queens
870,4046000,130,Queens
871,4021200,130,Queens
872,4024000,130,Queens
873,4013700,223,Queens
874,4006900,179,Queens
875,4012500,223,Queens
876,3015000,67,Brooklyn
877,1007000,137,Manhattan
878,4009500,223,Queens
879,4035200,205,Queens
880,5002700,221,Staten Island
881,3118201,63,Brooklyn
882,4041400,215,Queens
883,4044000,215,Queens
884,3021100,97,Brooklyn
885,4099701,15,Queens
886,5031902,156,Staten Island
887,4150701,64,Queens
888,4063500,102,Queens
889,4077908,135,Queens
890,3050100,80,Brooklyn
891,3051500,255,Brooklyn
892,3018300,97,Brooklyn
893,3018700,97,Brooklyn
894,2008400,213,Bronx
895,2006700,159,Bronx
896,4053100,157,Queens
897,3004300,25,Brooklyn
898,3004500,52,Brooklyn
899,3017500,111,Brooklyn
900,1001200,232,Manhattan
901,4148300,64,Queens
902,2020501,235,Bronx
903,1022400,42,Manhattan
904,4015801,216,Queens
905,4020800,130,Queens
906,4024600,130,Queens
907,4018900,226,Queens
908,4024900,260,Queens
909,4046200,130,Queens
910,1007200,170,Manhattan
911,1007400,164,Manhattan
912,4056000,191,Queens
913,4043900,56,Queens
914,3036900,177,Brooklyn
915,4142900,9,Queens
916,4145101,9,Queens
917,4006201,124,Queens
918,3050202,257,Brooklyn
919,2027900,241,Bronx
920,4025800,215,Queens
921,2035800,81,Bronx
922,1011500,48,Manhattan
923,3057500,112,Brooklyn
924,3057900,112,Brooklyn
925,3052300,256,Brooklyn
926,4103201,86,Queens
927,4019800,215,Queens
928,4019600,215,Queens
929,4020200,215,Queens
930,4043701,56,Queens
931,4043702,56,Queens
932,3010600,227,Brooklyn
933,3052500,256,Brooklyn
934,5014607,109,Staten Island
935,3036600,29,Brooklyn
936,3037000,29,Brooklyn
937,3037401,108,Brooklyn
938,4098700,252,Queens
939,2005400,248,Bronx
940,3058800,123,Brooklyn
941,3059000,210,Brooklyn
942,3060600,210,Brooklyn
943,4002400,197,Queens
944,3037402,108,Brooklyn
945,1010602,140,Manhattan
946,1011000,141,Manhattan
947,1011600,140,Manhattan
948,4108500,16,Queens
949,4109900,16,Queens
950,4113300,16,Queens
951,5013201,176,Staten Island
952,1019600,74,Manhattan
953,3059800,210,Brooklyn
954,3062600,210,Brooklyn
955,3047800,26,Brooklyn
956,3016100,189,Brooklyn
957,3003500,97,Brooklyn
958,3017900,97,Brooklyn
959,3020500,189,Brooklyn
960,3031702,61,Brooklyn
961,3032100,62,Brooklyn
962,3038700,225,Brooklyn
963,3042400,21,Brooklyn
964,3041200,21,Brooklyn
965,3024400,26,Brooklyn
966,3046800,26,Brooklyn
967,4070900,95,Queens
968,4053900,198,Queens
969,3027500,225,Brooklyn
970,3027700,225,Brooklyn
971,3012901,181,Brooklyn
972,3012902,181,Brooklyn
973,3045300,36,Brooklyn
974,3048500,37,Brooklyn
975,3030800,108,Brooklyn
976,2007400,213,Bronx
977,3028200,11,Brooklyn
978,2008600,213,Bronx
979,3118800,63,Brooklyn
980,4074700,95,Queens
981,2022101,247,Bronx
982,2014702,47,Bronx
983,2016900,47,Bronx
984,4009800,216,Queens
985,4011000,197,Queens
986,4070300,196,Queens
987,4070700,95,Queens
988,3022600,26,Brooklyn
989,3048900,37,Brooklyn
990,3049300,37,Brooklyn
991,1008200,170,Manhattan
992,2009600,250,Bronx
993,2020100,119,Bronx
994,2007800,250,Bronx
995,3021800,26,Brooklyn
996,2009200,250,Bronx
997,1008603,229,Manhattan
998,3079801,188,Brooklyn
999,3079802,188,Brooklyn
1000,3008500,195,Brooklyn
1001,3088000,188,Brooklyn
1002,2039500,47,Bronx
1003,4133300,98,Queens
1004,4134700,98,Queens
1005,4040400,205,Queens
1006,4061601,139,Queens
1007,4062000,139,Queens
1008,4037600,205,Queens
1009,3042300,37,Brooklyn
1010,4001900,145,Queens
1011,4008300,179,Queens
1012,4008100,179,Queens
1013,4062400,139,Queens
1014,4062600,139,Queens
1015,4021400,28,Queens
1016,4060100,157,Queens
1017,4060300,160,Queens
1018,4049301,157,Queens
1019,1012400,140,Manhattan
1020,1013200,140,Manhattan
1021,2002300,168,Bronx
1022,3028000,11,Brooklyn
1023,4014201,197,Queens
1024,4014202,197,Queens
1025,4045200,28,Queens
1026,4045400,28,Queens
1027,4066900,160,Queens
1028,3030700,61,Brooklyn
1029,3034700,61,Brooklyn
1030,4085700,92,Queens
1031,4015100,7,Queens
1032,3010000,227,Brooklyn
1033,4016300,7,Queens
1034,1025500,244,Manhattan
1035,2034300,200,Bronx
1036,2039901,18,Bronx
1037,4012301,223,Queens
1038,4013500,223,Queens
1039,4042700,56,Queens
1040,4099704,15,Queens
1041,2045600,81,Bronx
1042,4122701,121,Queens
1043,4122702,121,Queens
1044,3048600,133,Brooklyn
1045,4107201,30,Queens
1046,4025301,226,Queens
1047,4026000,215,Queens
1048,4026200,215,Queens
1049,4018700,226,Queens
1050,3038600,108,Brooklyn
1051,3039800,108,Brooklyn
1052,3002300,66,Brooklyn
1053,4079701,92,Queens
1054,4084500,92,Queens
1055,4085900,92,Queens
1056,2025600,242,Bronx
1057,3019100,49,Brooklyn
1058,2021900,119,Bronx
1059,1013800,263,Manhattan
1060,3021300,62,Brooklyn
1061,3032500,62,Brooklyn
1062,2021501,235,Bronx
1063,4055200,191,Queens
1064,4018300,226,Queens
1065,4025100,260,Queens
1066,4025302,226,Queens
1067,2014400,208,Bronx
1068,3028700,225,Brooklyn
1069,3028900,225,Brooklyn
1070,2026601,183,Bronx
1071,2026602,183,Bronx
1072,3053500,217,Brooklyn
1073,3033000,55,Brooklyn
1074,3032800,55,Brooklyn
1075,3048800,133,Brooklyn
1076,4099900,15,Queens
1077,3024100,17,Brooklyn
1078,4010000,216,Queens
1079,4086400,216,Queens
1080,2006900,159,Bronx
1081,3030600,108,Brooklyn
1082,3033600,55,Brooklyn
1083,3030300,177,Brooklyn
1084,3079602,188,Brooklyn
1085,3082000,188,Brooklyn
1086,3082200,188,Brooklyn
1087,3000900,33,Brooklyn
1088,3078200,71,Brooklyn
1089,3083000,71,Brooklyn
1090,3031500,61,Brooklyn
1091,3019300,49,Brooklyn
1092,3023300,17,Brooklyn
1093,3087600,188,Brooklyn
1094,3022400,26,Brooklyn
1095,2034500,200,Bronx
1096,4161700,19,Queens
1097,4018101,226,Queens
1098,4018102,226,Queens
1099,4115500,171,Queens
1100,4116700,171,Queens
1101,3077600,91,Brooklyn
1102,3078000,71,Brooklyn
1103,3054600,165,Brooklyn
1104,3054800,149,Brooklyn
1105,3082600,85,Brooklyn
1106,3082800,85,Brooklyn
1107,3023000,26,Brooklyn
1108,3022800,26,Brooklyn
1109,3049600,133,Brooklyn
1110,3049800,133,Brooklyn
1111,3050000,257,Brooklyn
1112,3006400,14,Brooklyn
1113,3013800,14,Brooklyn
1114,3006200,14,Brooklyn
1115,3014800,67,Brooklyn
1116,3016600,67,Brooklyn
1117,3040000,21,Brooklyn
1118,3041000,21,Brooklyn
1119,3023200,26,Brooklyn
1120,3023400,26,Brooklyn
1121,3011600,26,Brooklyn
1122,3021600,26,Brooklyn
1123,3009000,227,Brooklyn
1124,3009200,227,Brooklyn
1125,3018000,11,Brooklyn
1126,5031901,156,Staten Island
1127,4042400,205,Queens
1128,2036700,78,Bronx
1129,5009602,214,Staten Island
1130,3051002,89,Brooklyn
1131,3079400,85,Brooklyn
1132,3049000,133,Brooklyn
1133,3049200,133,Brooklyn
1134,4055700,198,Queens
1135,3029500,225,Brooklyn
1136,3038300,225,Brooklyn
1137,4094202,117,Queens
1138,3039200,123,Brooklyn
1139,3058400,123,Brooklyn
1140,1008400,164,Manhattan
1141,4061000,38,Queens
1142,4061200,38,Queens
1143,2033700,200,Bronx
1144,4052100,157,Queens
1145,4060701,160,Queens
1146,3019900,49,Brooklyn
1147,2026900,136,Bronx
1148,4044400,130,Queens
1149,4046800,130,Queens
1150,2012901,147,Bronx
1151,2015900,126,Bronx
1152,3000200,228,Brooklyn
1153,3014000,67,Brooklyn
1154,4093800,201,Queens
1155,3031400,108,Brooklyn
1156,4051700,157,Queens
1157,3078800,89,Brooklyn
1158,3020300,189,Brooklyn
1159,4111300,16,Queens
1160,4112300,16,Queens
1161,4035800,139,Queens
1162,4064600,139,Queens
1163,4047900,83,Queens
1164,3077200,89,Brooklyn
1165,3077000,89,Brooklyn
1166,3020100,49,Brooklyn
1167,4081800,216,Queens
1168,4084602,216,Queens
1169,4080301,192,Queens
1170,4080900,135,Queens
1171,1014200,236,Manhattan
1172,3036100,177,Brooklyn
1173,3031100,61,Brooklyn
1174,3031300,61,Brooklyn
1175,3096200,39,Brooklyn
1176,4071305,95,Queens
1177,4017800,216,Queens
1178,4084000,216,Queens
1179,3061002,29,Brooklyn
1180,4092200,201,Queens
1181,4057900,102,Queens
1182,3060800,150,Brooklyn
1183,3061003,29,Brooklyn
1184,3029200,11,Brooklyn
1185,3029400,22,Brooklyn
1186,3058900,112,Brooklyn
1187,4058100,198,Queens
1188,4057700,102,Queens
1189,4061301,198,Queens
1190,5013204,176,Staten Island
1191,4053500,157,Queens
1192,4059500,198,Queens
1193,2035900,78,Bronx
1194,2036100,78,Bronx
1195,3062200,150,Brooklyn
1196,4002200,258,Queens
1197,4003000,258,Queens
1198,4010800,197,Queens
1199,4011800,197,Queens
1200,4051600,191,Queens
1201,1030900,153,Manhattan
1202,4099801,86,Queens
1203,4018402,10,Queens
1204,4023600,28,Queens
1205,4023800,130,Queens
1206,4043200,205,Queens
1207,4095400,117,Queens
1208,2037400,254,Bronx
1209,4027600,10,Queens
1210,4027800,10,Queens
1211,4026400,215,Queens
1212,4018200,10,Queens
1213,4018600,10,Queens
1214,2027401,58,Bronx
1215,3011800,227,Brooklyn
1216,4052200,205,Queens
1217,3099000,39,Brooklyn
1218,4053401,38,Queens
1219,4048400,122,Queens
1220,4050000,122,Queens
1221,4014100,7,Queens
1222,4055400,191,Queens
1223,2024800,185,Bronx
1224,2029600,185,Bronx
1225,1020901,166,Manhattan
1226,4032800,139,Queens
1227,4068200,139,Queens
1228,4047600,131,Queens
1229,4047800,131,Queens
1230,3050900,217,Brooklyn
1231,4029500,260,Queens
1232,5001100,206,Staten Island
1233,5001700,221,Staten Island
1234,4029900,207,Queens
1235,4152901,64,Queens
1236,4065000,139,Queens
1237,2024502,235,Bronx
1238,2026100,136,Bronx
1239,2026300,136,Bronx
1240,2031600,3,Bronx
1241,2032400,32,Bronx
1242,2032600,3,Bronx
1243,3015400,67,Brooklyn
1244,3030200,21,Brooklyn
1245,3088400,72,Brooklyn
1246,3030400,21,Brooklyn
1247,3018200,22,Brooklyn
1248,3038200,108,Brooklyn
1249,3040200,21,Brooklyn
1250,3045800,165,Brooklyn
1251,5010500,245,Staten Island
1252,5023900,156,Staten Island
1253,2020000,242,Bronx
1254,2028600,242,Bronx
1255,2020502,235,Bronx
1256,2040702,18,Bronx
1257,2031800,3,Bronx
1258,2035000,3,Bronx
1259,2045800,81,Bronx
1260,2046000,81,Bronx
1261,1022900,116,Manhattan
1262,5002900,221,Staten Island
1263,5003300,115,Staten Island
1264,4010100,223,Queens
1265,4009700,223,Queens
1266,5013301,206,Staten Island
1267,5018702,23,Staten Island
1268,2035100,200,Bronx
1269,2038000,254,Bronx
1270,2033800,32,Bronx
1271,3116600,76,Brooklyn
1272,3116800,76,Brooklyn
1273,3105801,222,Brooklyn
1274,3042500,37,Brooklyn
1275,3038900,37,Brooklyn
1276,3039100,37,Brooklyn
1277,5020804,204,Staten Island
1278,3087200,71,Brooklyn
1279,3087401,188,Brooklyn
1280,1014700,143,Manhattan
1281,1015100,143,Manhattan
1282,1013600,262,Manhattan
1283,3003300,97,Brooklyn
1284,3072400,91,Brooklyn
1285,3094402,91,Brooklyn
1286,3110400,76,Brooklyn
1287,3112200,77,Brooklyn
1288,3121400,76,Brooklyn
1289,4005200,258,Queens
1290,4005400,180,Queens
1291,3111600,76,Brooklyn
1292,3112000,76,Brooklyn
1293,3095600,39,Brooklyn
1294,3098800,39,Brooklyn
1295,1023300,116,Manhattan
1296,1022000,41,Manhattan
1297,3101200,39,Brooklyn
1298,3027100,61,Brooklyn
1299,3081600,71,Brooklyn
1300,1003100,231,Manhattan
1301,1016400,75,Manhattan
1302,3090600,35,Brooklyn
1303,3049100,80,Brooklyn
1304,3050700,17,Brooklyn
1305,3121000,76,Brooklyn
1306,1015802,75,Manhattan
1307,1018000,74,Manhattan
1308,1018200,74,Manhattan
1309,3070203,2,Queens
1310,3120800,76,Brooklyn
1311,1002201,232,Manhattan
1312,1002202,4,Manhattan
1313,3055300,255,Brooklyn
1314,3089200,35,Brooklyn
1315,3089400,35,Brooklyn
1316,3090000,35,Brooklyn
1317,1008900,68,Manhattan
1318,1009300,68,Manhattan
1319,1011100,68,Manhattan
1320,1022301,152,Manhattan
1321,4004401,180,Queens
1322,3037100,177,Brooklyn
1323,3037900,225,Brooklyn
1324,2043100,174,Bronx
1325,3033500,62,Brooklyn
1326,3035300,61,Brooklyn
1327,3029900,61,Brooklyn
1328,3038100,61,Brooklyn
1329,4003400,258,Queens
1330,3118600,63,Brooklyn
1331,3035500,62,Brooklyn
1332,3088200,72,Brooklyn
1333,2033600,32,Bronx
1334,2037600,254,Bronx
1335,2034800,3,Bronx
1336,2036400,81,Bronx
1337,1019300,24,Manhattan
1338,1007500,158,Manhattan
1339,3066200,155,Brooklyn
1340,4022900,260,Queens
1341,4079300,135,Queens
1342,3069800,155,Brooklyn
1343,3101800,39,Brooklyn
1344,3105804,222,Brooklyn
1345,4023500,226,Queens
1346,4056700,102,Queens
1347,4005000,180,Queens
1348,4063900,102,Queens
1349,4080302,192,Queens
1350,3040500,37,Brooklyn
1351,5027704,118,Staten Island
1352,5019700,251,Staten Island
1353,3085600,71,Brooklyn
1354,3085800,71,Brooklyn
1355,3085200,71,Brooklyn
1356,3086000,71,Brooklyn
1357,3041100,37,Brooklyn
1358,4055900,198,Queens
1359,2041400,259,Bronx
1360,2044200,259,Bronx
1361,2044400,259,Bronx
1362,4157102,19,Queens
1363,4062900,102,Queens
1364,5015100,251,Staten Island
1365,2014500,47,Bronx
1366,3040700,37,Brooklyn
1367,3040900,36,Brooklyn
1368,3043700,36,Brooklyn
1369,4055500,198,Queens
1370,2019900,119,Bronx
1371,2013000,208,Bronx
1372,4099802,86,Queens
1373,2023704,94,Bronx
1374,2021301,235,Bronx
1375,2021502,235,Bronx
1376,2021700,235,Bronx
1377,1023400,42,Manhattan
1378,1021400,42,Manhattan
1379,2040900,241,Bronx
1380,2042100,174,Bronx
1381,3046202,178,Brooklyn
1382,2019500,247,Bronx
1383,4086900,92,Queens
1384,5012500,206,Staten Island
1385,4001200,258,Queens
1386,3093600,72,Brooklyn
1387,3093800,72,Brooklyn
1388,1008300,68,Manhattan
1389,1030700,127,Manhattan
1390,4090700,53,Queens
1391,2014900,167,Bronx
1392,4064101,258,Queens
1393,3080800,188,Brooklyn
1394,3081000,188,Brooklyn
1395,5012100,245,Staten Island
1396,1001800,148,Manhattan
1397,1004100,144,Manhattan
1398,2024000,242,Bronx
1399,4147900,64,Queens
1400,4150702,64,Queens
1401,3050600,89,Brooklyn
1402,2044901,259,Bronx
1403,2044902,259,Bronx
1404,2001600,213,Bronx
1405,2004200,213,Bronx
1406,2025300,136,Bronx
1407,4061900,160,Queens
1408,1010800,229,Manhattan
1409,1011203,162,Manhattan
1410,1009400,161,Manhattan
1411,1009600,161,Manhattan
1412,1011201,163,Manhattan
1413,1011202,163,Manhattan
1414,1010900,100,Manhattan
1415,4005800,180,Queens
1416,2023100,169,Bronx
1417,2027600,184,Bronx
1418,2028400,242,Bronx
1419,2006400,248,Bronx
1420,2021800,248,Bronx
1421,4064500,95,Queens
1422,4073100,95,Queens
1423,4129103,175,Queens
1424,3003100,97,Brooklyn
1425,3021500,189,Brooklyn
1426,2038500,47,Bronx
1427,4002500,193,Queens
1428,3051200,89,Brooklyn
1429,3152200,89,Brooklyn
1430,2023703,94,Bronx
1431,4010300,223,Queens
1432,4003700,193,Queens
1433,4008600,180,Queens
1434,2005001,212,Bronx
1435,2005002,212,Bronx
1436,4128300,98,Queens
1437,2041100,18,Bronx
1438,4136700,175,Queens
1439,3120000,76,Brooklyn
1440,3120200,63,Brooklyn
1441,2020900,247,Bronx
1442,2022500,69,Bronx
1443,3035400,55,Brooklyn
1444,2007200,212,Bronx
1445,2007600,248,Bronx
1446,2021602,182,Bronx
1447,3055700,255,Brooklyn
1448,4056500,102,Queens
1449,3016500,181,Brooklyn
1450,3015200,67,Brooklyn
1451,4101002,86,Queens
1452,4046300,82,Queens
1453,4046500,82,Queens
1454,4047100,82,Queens
1455,4048500,83,Queens
1456,4065600,203,Queens
1457,2037900,169,Bronx
1458,4000600,258,Queens
1459,4000800,258,Queens
1460,3118400,63,Brooklyn
1461,4000400,258,Queens
1462,3118202,63,Brooklyn
1463,3119600,76,Brooklyn
1464,3051300,256,Brooklyn
1465,3051900,255,Brooklyn
1466,5013400,172,Staten Island
1467,3034800,55,Brooklyn
1468,3035000,55,Brooklyn
1469,4062100,160,Queens
1470,4063700,102,Queens
1471,4065501,160,Queens
1472,1029100,127,Manhattan
1473,1028300,243,Manhattan
1474,1028500,243,Manhattan
1475,3036200,29,Brooklyn
1476,3073000,91,Brooklyn
1477,3073600,91,Brooklyn
1478,1016002,75,Manhattan
1479,3072600,91,Brooklyn
1480,3073200,91,Brooklyn
1481,1018600,41,Manhattan
1482,3114201,63,Brooklyn
1483,4120100,73,Queens
1484,1020101,166,Manhattan
1485,3069602,155,Brooklyn
1486,3070000,155,Brooklyn
1487,1012200,237,Manhattan
1488,2023502,169,Bronx
1489,2038100,169,Bronx
1490,4038301,253,Queens
1491,5000300,206,Staten Island
1492,2029301,220,Bronx
1493,1018300,238,Manhattan
1494,1015002,236,Manhattan
1495,1016001,236,Manhattan
1496,1017200,75,Manhattan
1497,1007900,158,Manhattan
1498,1016900,239,Manhattan
1499,1015900,143,Manhattan
1500,1017401,75,Manhattan
1501,3118000,63,Brooklyn
1502,2028100,241,Bronx
1503,1017000,75,Manhattan
1504,1016600,75,Manhattan
1505,1024500,244,Manhattan
1506,1024700,244,Manhattan
1507,1016500,239,Manhattan
1508,3029000,22,Brooklyn
1509,3029600,22,Brooklyn
1510,2002000,213,Bronx
1511,3053100,17,Brooklyn
1512,5011202,172,Staten Island
1513,3012100,106,Brooklyn
1514,2041800,259,Bronx
1515,4056100,96,Queens
1516,3114202,63,Brooklyn
1517,2019300,119,Bronx
1518,5007400,6,Staten Island
1519,3078600,89,Brooklyn
1520,3094401,91,Brooklyn
1521,3095000,39,Brooklyn
1522,4091601,27,Queens
1523,4009100,179,Queens
1524,2045102,259,Bronx
1525,3011700,106,Brooklyn
1526,4125700,135,Queens
1527,4126500,121,Queens
1528,4068300,82,Queens
1529,4071702,196,Queens
1530,5027705,118,Staten Island
1531,5027706,118,Staten Island
1532,5990100,0, 
1533,1015601,263,Manhattan
1534,1015602,75,Manhattan
1535,1023100,116,Manhattan
1536,1014601,263,Manhattan
1537,1014602,263,Manhattan
1538,4017900,226,Queens
1539,1021100,166,Manhattan
1540,3003800,14,Brooklyn
1541,4047500,82,Queens
1542,3008400,228,Brooklyn
1543,4068700,196,Queens
1544,5014608,109,Staten Island
1545,3006500,40,Brooklyn
1546,3014300,181,Brooklyn
1547,1002400,4,Manhattan
1548,1000700,87,Manhattan
1549,2013800,208,Bronx
1550,4056200,191,Queens
1551,1021900,152,Manhattan
1552,1022302,152,Manhattan
1553,3005602,14,Brooklyn
1554,5013203,109,Staten Island
1555,4066300,160,Queens
1556,4066501,160,Queens
1557,3008800,227,Brooklyn
1558,4162100,19,Queens
1559,4049900,82,Queens
1560,4050700,160,Queens
1561,4061800,139,Queens
1562,4063200,139,Queens
1563,4061602,203,Queens
1564,4010500,223,Queens
1565,4063800,203,Queens
1566,3001100,65,Brooklyn
1567,3001500,65,Brooklyn
1568,2030701,200,Bronx
1569,4155101,101,Queens
1570,2045101,259,Bronx
1571,5022300,156,Staten Island
1572,5023100,156,Staten Island
1573,4091602,27,Queens
1574,3053900,217,Brooklyn
1575,3054500,217,Brooklyn
1576,2031900,200,Bronx
1577,2029700,220,Bronx
1578,4097203,117,Queens
1579,4100802,86,Queens
1580,4099100,252,Queens
1581,4099705,15,Queens
1582,4099200,117,Queens
1583,4045800,131,Queens
1584,4004001,258,Queens
1585,4046600,131,Queens
1586,4084900,92,Queens
1587,2033202,32,Bronx
1588,3113200,77,Brooklyn
1589,3091800,35,Brooklyn
1590,3092000,35,Brooklyn
1591,4024500,260,Queens
1592,5024402,44,Staten Island
1593,3033300,62,Brooklyn
1594,4064102,96,Queens
1595,4081400,216,Queens
1596,4075702,95,Queens
1597,3017200,11,Brooklyn
1598,3018400,22,Brooklyn
1599,4030600,219,Queens
1600,1020300,166,Manhattan
1601,4079200,10,Queens
1602,2024501,235,Bronx
1603,3049700,80,Brooklyn
1604,4096400,117,Queens
1605,4024300,83,Queens
1606,4051500,157,Queens
1607,3107800,76,Brooklyn
1608,3031900,62,Brooklyn
1609,1013500,50,Manhattan
1610,1013900,48,Manhattan
1611,5019800,84,Staten Island
1612,3107000,76,Brooklyn
1613,1031703,13,Manhattan
1614,4017100,226,Queens
1615,4025500,260,Queens
1616,2025700,235,Bronx
1617,2000100,199,Bronx
1618,1016300,239,Manhattan
1619,1013300,48,Manhattan
1620,1020500,166,Manhattan
1621,1000500,103,Manhattan
1622,4036700,70,Queens
1623,4036500,70,Queens
1624,1002100,231,Manhattan
1625,1012700,48,Manhattan
1626,1012900,50,Manhattan
1627,1007600,164,Manhattan
1628,1009500,186,Manhattan
1629,1010100,186,Manhattan
1630,5002001,221,Staten Island
1631,5002002,6,Staten Island
1632,5018701,251,Staten Island
1633,1021200,42,Manhattan
1634,5029104,23,Staten Island
1635,5032300,156,Staten Island
1636,1018900,151,Manhattan
1637,4093401,201,Queens
1638,4093402,201,Queens
1639,1022800,42,Manhattan
1640,1003601,148,Manhattan
1641,1004300,144,Manhattan
1642,1005900,113,Manhattan
1643,1016100,239,Manhattan
1644,3032700,188,Brooklyn
1645,5017010,5,Staten Island
1646,5020801,204,Staten Island
1647,5003900,115,Staten Island
1648,5004700,115,Staten Island
1649,1023502,42,Manhattan
1650,1023600,42,Manhattan
1651,5017005,84,Staten Island
1652,5017600,84,Staten Island
1653,4097202,117,Queens
1654,4097204,117,Queens
1655,1021000,74,Manhattan
1656,1020701,166,Manhattan
1657,1002500,45,Manhattan
1658,2030900,200,Bronx
1659,2032300,200,Bronx
1660,2037800,254,Bronx
1661,1015801,236,Manhattan
1662,2043500,240,Bronx
1663,1030300,127,Manhattan
1664,2011800,208,Bronx
1665,1001300,261,Manhattan
1666,3092200,35,Brooklyn
1667,2013200,208,Bronx
1668,5018901,251,Staten Island
1669,5025100,187,Staten Island
1670,1031704,13,Manhattan
1671,1001001,232,Manhattan
1672,3054700,256,Brooklyn
1673,1001002,232,Manhattan
1674,3016300,189,Brooklyn
1675,5017300,23,Staten Island
1676,1025100,244,Manhattan
1677,3109800,76,Brooklyn
1678,5016901,251,Staten Island
1679,4077300,134,Queens
1680,4077500,134,Queens
1681,4013400,134,Queens
1682,4004002,180,Queens
1683,2009000,213,Bronx
1684,4079702,92,Queens
1685,4083700,192,Queens
1686,2011000,208,Bronx
1687,2029302,220,Bronx
1688,1003800,79,Manhattan
1689,4013200,197,Queens
1690,1000800,45,Manhattan
1691,1026500,244,Manhattan
1692,1027500,243,Manhattan
1693,5017012,84,Staten Island
1694,5000800,221,Staten Island
1695,1000900,88,Manhattan
1696,1000202,232,Manhattan
1697,1031900,12,Manhattan
1698,3054300,34,Brooklyn
1699,1015400,263,Manhattan
1700,4075701,95,Queens
1701,1013700,163,Manhattan
1702,1014500,142,Manhattan
1703,1027900,243,Manhattan
1704,1028700,243,Manhattan
1705,1006300,113,Manhattan
1706,1005700,113,Manhattan
1707,2018900,119,Bronx
1708,1019702,41,Manhattan
1709,3036001,29,Brooklyn
1710,5012200,172,Staten Island
1711,1000600,232,Manhattan
1712,5006700,245,Staten Island
1713,3025500,17,Brooklyn
1714,5018100,118,Staten Island
1715,2028500,220,Bronx
1716,3016700,181,Brooklyn
1717,1029900,127,Manhattan
1718,5009700,206,Staten Island
1719,3091000,35,Brooklyn
1720,3091200,35,Brooklyn
1721,4006202,124,Queens
1722,3114400,77,Brooklyn
1723,3115800,77,Brooklyn
1724,3123700,17,Brooklyn
1725,3122000,76,Brooklyn
1726,2014701,47,Bronx
1727,1000201,232,Manhattan
1728,1001401,232,Manhattan
1729,2029500,220,Bronx
1730,2033500,200,Bronx
1731,2007100,159,Bronx
1732,2048400,81,Bronx
1733,2046201,51,Bronx
1734,3017700,190,Brooklyn
1735,3050400,257,Brooklyn
1736,3015900,181,Brooklyn
1737,3020700,189,Brooklyn
1738,3039300,37,Brooklyn
1739,3039500,37,Brooklyn
1740,3069601,155,Brooklyn
1741,4003600,258,Queens
1742,4004200,258,Queens
1743,3074200,91,Brooklyn
1744,3077400,89,Brooklyn
1745,3022900,49,Brooklyn
1746,3023100,49,Brooklyn
1747,2028300,220,Bronx
1748,2028900,220,Bronx
1749,1003200,79,Manhattan
1750,3003400,14,Brooklyn
1751,4152902,64,Queens
1752,4155102,101,Queens
1753,5011201,214,Staten Island
1754,5011401,214,Staten Island
1755,5005000,6,Staten Island
1756,3007500,40,Brooklyn
1757,1004500,144,Manhattan
1758,2022000,78,Bronx
1759,1002700,45,Manhattan
1760,1002900,45,Manhattan
1761,1005502,114,Manhattan
1762,2050400,184,Bronx
1763,2002400,213,Bronx
1764,2002800,213,Bronx
1765,3002901,97,Brooklyn
1766,3018501,97,Brooklyn
1767,3001800,228,Brooklyn
1768,2011502,126,Bronx
1769,2009300,126,Bronx
1770,3007700,40,Brooklyn
1771,2011700,126,Bronx
1772,1021303,152,Manhattan
1773,1021703,152,Manhattan
1774,4034700,129,Queens
1775,4000700,145,Queens
1776,3011900,106,Brooklyn
1777,4092900,53,Queens
1778,2000200,213,Bronx
1779,5024401,44,Staten Island
1780,4037100,70,Queens
1781,1006800,107,Manhattan
1782,2000400,213,Bronx
1783,4037300,70,Queens
1784,1017700,238,Manhattan
1785,4093900,53,Queens
1786,4032000,219,Queens
1787,3004400,14,Brooklyn
1788,3004600,14,Brooklyn
1789,3005000,14,Brooklyn
1790,1018100,238,Manhattan
1791,5017007,5,Staten Island
1792,5017008,5,Staten Island
1793,1018500,151,Manhattan
1794,1028100,243,Manhattan
1795,1006600,137,Manhattan
1796,1011800,141,Manhattan
1797,1012600,141,Manhattan
1798,1014401,262,Manhattan
1799,1016800,75,Manhattan
1800,1002000,4,Manhattan
1801,1002601,4,Manhattan
1802,1018700,151,Manhattan
1803,1019100,151,Manhattan
1804,1022200,41,Manhattan
1805,1003002,79,Manhattan
1806,1003602,79,Manhattan
1807,1024200,74,Manhattan
1808,5020803,204,Staten Island
1809,5022600,44,Staten Island
1810,5024800,44,Staten Island
1811,3005201,14,Brooklyn
1812,3005202,14,Brooklyn
1813,1024301,244,Manhattan
1814,1024302,42,Manhattan
1815,1009900,246,Manhattan
1816,1011700,246,Manhattan
1817,3119200,76,Brooklyn
1818,4066400,203,Queens
1819,2036501,78,Bronx
1820,2019400,208,Bronx
1821,2026400,208,Bronx
1822,4145900,9,Queens
1823,4120700,73,Queens
1824,1023700,116,Manhattan
1825,4141700,9,Queens
1826,5009601,214,Staten Island
1827,5017700,118,Staten Island
1828,1024100,244,Manhattan
1829,3005601,14,Brooklyn
1830,5001800,6,Staten Island
1831,1014402,262,Manhattan
1832,1015200,262,Manhattan
1833,1002602,4,Manhattan
1834,1003300,231,Manhattan
1835,1003900,231,Manhattan
1836,1018800,74,Manhattan
1837,1019400,74,Manhattan
1838,1021600,41,Manhattan
1839,1020102,41,Manhattan
1840,1021800,41,Manhattan
1841,2018500,167,Bronx
1842,2004100,168,Bronx
1843,2001900,168,Bronx
1844,2008300,147,Bronx
1845,2008500,147,Bronx
1846,2038301,94,Bronx
1847,2023702,18,Bronx
1848,2005100,168,Bronx
1849,2006500,159,Bronx
1850,2024100,169,Bronx
1851,1008700,90,Manhattan
1852,1009100,90,Manhattan
1853,1005200,234,Manhattan
1854,1005400,234,Manhattan
1855,1015700,142,Manhattan
1856,1015300,142,Manhattan
1857,1015500,143,Manhattan
1858,1016700,239,Manhattan
1859,1023200,42,Manhattan
1860,1025900,42,Manhattan
1861,1022102,42,Manhattan
1862,1023000,42,Manhattan
1863,2016500,47,Bronx
1864,2015100,167,Bronx
1865,2015300,60,Bronx
1866,1017100,239,Manhattan
1867,1014802,236,Manhattan
1868,1025300,244,Manhattan
1869,2017300,69,Bronx
1870,2018301,69,Bronx
1871,2018302,69,Bronx
1872,2018102,69,Bronx
1873,2018101,69,Bronx
1874,1027100,243,Manhattan
1875,1027300,243,Manhattan
1876,1029500,127,Manhattan
1877,1029700,128,Manhattan
1878,2002500,168,Bronx
1879,2003900,168,Bronx
1880,1004000,79,Manhattan
1881,1004200,79,Manhattan
1882,1006100,113,Manhattan
1883,1006900,158,Manhattan
1884,2023900,94,Bronx
1885,2002701,168,Bronx
1886,2002702,168,Bronx
1887,2017701,69,Bronx
1888,1007700,249,Manhattan
1889,1008100,90,Manhattan
1890,2038302,94,Bronx
1891,1017500,238,Manhattan
1892,1017900,238,Manhattan
1893,1007100,249,Manhattan
1894,2039700,20,Bronx
1895,1014300,43,Manhattan
1896,1017300,238,Manhattan
1897,2039902,18,Bronx
1898,2041300,18,Bronx
1899,2041900,174,Bronx
1900,2041500,18,Bronx
1901,2042500,174,Bronx
1902,2005600,248,Bronx
1903,2006200,248,Bronx
1904,2003700,168,Bronx
1905,2004300,168,Bronx
1906,2022701,169,Bronx
1907,2023301,169,Bronx
1908,2017901,69,Bronx
1909,2019700,247,Bronx
1910,2038700,20,Bronx
1911,2038900,20,Bronx
1912,2037300,78,Bronx
1913,2039100,20,Bronx
1914,2006000,60,Bronx
1915,4040100,173,Queens
1916,1019500,24,Manhattan
1917,1019900,166,Manhattan
1918,4071100,95,Queens
1919,4072300,95,Queens
1920,4073700,95,Queens
1921,2013300,167,Bronx
1922,2013500,167,Bronx
1923,2022902,169,Bronx
1924,2035600,81,Bronx
1925,2046202,51,Bronx
1926,2037100,78,Bronx
1927,2039300,20,Bronx
1928,3066600,154,Brooklyn
1929,4091800,27,Queens
1930,5030301,156,Staten Island
1931,3119000,63,Brooklyn
1932,5030302,156,Staten Island
1933,5020700,187,Staten Island
1934,3032600,55,Brooklyn
1935,5000700,206,Staten Island
1936,5008100,206,Staten Island
1937,5018902,23,Staten Island
1938,3061004,29,Brooklyn
1939,3061200,150,Brooklyn
1940,3000502,33,Brooklyn
1941,3055500,255,Brooklyn
1942,3117800,63,Brooklyn
1943,2022401,185,Bronx
1944,5013800,176,Staten Island
1945,4094201,201,Queens
1946,4094203,117,Queens
1947,5003600,221,Staten Island
1948,5004000,115,Staten Island
1949,4028200,205,Queens
1950,4033401,205,Queens
1951,3046400,26,Brooklyn
1952,3047400,26,Brooklyn
1953,4065400,203,Queens
1954,4068000,219,Queens
1955,4103202,86,Queens
1956,5012805,176,Staten Island
1957,3088600,72,Brooklyn
1958,3088800,72,Brooklyn
1959,4076901,95,Queens
1960,4076902,95,Queens
1961,5012804,172,Staten Island
1962,5012806,176,Staten Island
1963,3001300,65,Brooklyn
1964,3004700,54,Brooklyn
1965,3005100,54,Brooklyn
1966,3054900,256,Brooklyn
1967,3055100,256,Brooklyn
1968,3044900,80,Brooklyn
1969,3059300,112,Brooklyn
1970,1009700,68,Manhattan
1971,1010300,68,Manhattan
1972,5015602,84,Staten Island
1973,5017011,84,Staten Island
1974,5006400,6,Staten Island
1975,4036600,205,Queens
1976,1007800,170,Manhattan
1977,1008000,170,Manhattan
1978,1004700,211,Manhattan
1979,5007000,214,Staten Island
1980,4101001,86,Queens
1981,2023000,242,Bronx
1982,4138501,175,Queens
1983,4147100,16,Queens
1984,1003700,125,Manhattan
1985,1004900,211,Manhattan
1986,4006300,7,Queens
1987,4007100,179,Queens
1988,4007300,179,Queens
1989,3000301,33,Brooklyn
1990,4031700,223,Queens
1991,4033100,138,Queens
1992,4036800,205,Queens
1993,4042600,205,Queens
1994,1019200,74,Manhattan
1995,4094500,252,Queens
1996,3000100,33,Brooklyn
1997,3000700,33,Brooklyn
1998,3002100,66,Brooklyn
1999,1008601,233,Manhattan
2000,3047700,80,Brooklyn
2001,3048100,80,Brooklyn
2002,3070202,154,Brooklyn
2003,5022800,99,Staten Island
2004,3056500,112,Brooklyn
2005,2033400,31,Bronx
2006,3095800,39,Brooklyn
2007,3096000,39,Brooklyn
2008,3007600,228,Brooklyn
2009,2006100,69,Bronx
2010,3034000,55,Brooklyn
2011,1020000,41,Manhattan
2012,3035200,55,Brooklyn
2013,3056300,112,Brooklyn
2014,3005300,195,Brooklyn
2015,1025700,41,Manhattan
2016,4109300,16,Queens
2017,2005902,69,Bronx
2018,2006300,247,Bronx
2019,1023501,116,Manhattan
2020,1023900,244,Manhattan
2021,1026700,243,Manhattan
2022,1019701,166,Manhattan
2023,5029103,23,Staten Island
2024,1016200,75,Manhattan
2025,1017800,74,Manhattan
2026,5014605,109,Staten Island
2027,1031100,120,Manhattan
2028,3005400,14,Brooklyn
2029,1008602,233,Manhattan
2030,4000100,145,Queens
2031,1023801,202,Manhattan
2032,4008700,179,Queens
2033,1023802,202,Manhattan
2034,4009900,8,Queens
2035,4010701,223,Queens
2036,5015601,109,Staten Island
2037,1024000,194,Manhattan
2038,3103400,39,Brooklyn
2039,5014606,109,Staten Island
2040,1001501,209,Manhattan
2041,1001502,87,Manhattan
2042,5005900,245,Staten Island
2043,5014700,251,Staten Island
2044,1019800,74,Manhattan
2045,4097300,252,Queens
2046,4098100,252,Queens
2047,4089200,124,Queens
2048,4099703,15,Queens
2049,5014604,109,Staten Island
2050,3070201,155,Brooklyn
2051,3070600,155,Brooklyn
2052,5027702,118,Staten Island
2053,4071600,132,Queens
2054,4107202,2,Queens
2055,1005600,234,Manhattan
2056,5027301,23,Staten Island
2057,5027302,23,Staten Island
2058,5027900,118,Staten Island
2059,4088901,92,Queens
2060,4103900,252,Queens
2061,4028800,10,Queens
2062,4029400,218,Queens
2063,4039800,205,Queens
2064,4052800,205,Queens
2065,4079000,10,Queens
2066,1005800,234,Manhattan
2067,4018401,10,Queens
2068,4078800,10,Queens
2069,5013302,206,Staten Island
2070,5014100,206,Staten Island
2071,3013600,14,Brooklyn
2072,3012000,227,Brooklyn
2073,3002000,228,Brooklyn
2074,4137700,175,Queens
2075,4138502,64,Queens
2076,3002200,228,Brooklyn
2077,3007200,228,Brooklyn
2078,3007000,14,Brooklyn
2079,3012200,228,Brooklyn
2080,3012600,14,Brooklyn
2081,3013400,14,Brooklyn
2082,4056600,191,Queens
2083,3014200,14,Brooklyn
2084,3016000,14,Brooklyn
2085,3016200,14,Brooklyn
2086,3016400,14,Brooklyn
2087,2025500,136,Bronx
2088,5007500,245,Staten Island
2089,5007700,206,Staten Island
2090,3099800,39,Brooklyn
2091,3102800,39,Brooklyn
2092,2024900,235,Bronx
2093,2025100,235,Bronx
2094,4008800,180,Queens
2095,4088400,124,Queens
2096,4121100,192,Queens
2097,4121500,192,Queens
2098,4003300,146,Queens
2099,4004300,193,Queens
2100,4008500,193,Queens
2101,4056400,191,Queens
2102,3036501,177,Brooklyn
2103,4022002,28,Queens
2104,4077903,135,Queens
2105,4038302,93,Queens
2106,4077905,135,Queens
2107,5021300,187,Staten Island
2108,4053800,191,Queens
2109,4058200,191,Queens
2110,5000600,221,Staten Island
2111,5002100,221,Staten Island
2112,5015400,110,Staten Island
2113,5015603,109,Staten Island
2114,4118900,73,Queens
2115,4119900,73,Queens
2116,4056800,191,Queens
2117,2012300,60,Bronx
2118,4049302,157,Queens
2119,4049700,157,Queens
2120,1006500,114,Manhattan
2121,1006700,249,Manhattan
2122,1007300,249,Manhattan
2123,4038100,173,Queens
2124,4039900,56,Queens
2125,3036502,177,Brooklyn
2126,3005900,195,Brooklyn
2127,3006300,40,Brooklyn
2128,2005300,235,Bronx
2129,2024700,235,Bronx
2130,1003400,79,Manhattan
2131,2015700,60,Bronx
2132,2015500,60,Bronx
2133,2016100,60,Bronx
2134,2016300,59,Bronx
2135,5020100,251,Staten Island
2136,5024700,187,Staten Island
2137,1002800,4,Manhattan
2138,1006400,107,Manhattan
2139,1004800,107,Manhattan
2140,3035602,55,Brooklyn
2141,3036400,29,Brooklyn
2142,1004400,224,Manhattan
2143,4071304,95,Queens
2144,4071701,196,Queens
2145,1006000,224,Manhattan
2146,4069000,219,Queens
2147,1006200,137,Manhattan
2148,4029700,260,Queens
2149,4030902,129,Queens
2150,1005000,107,Manhattan
2151,4130100,19,Queens
2152,4156700,19,Queens
2153,2016700,47,Bronx
2154,2017100,69,Bronx
2155,2017702,69,Bronx
2156,2012701,126,Bronx
2157,4069400,219,Queens
2158,4021600,134,Queens
2159,4022001,28,Queens
2160,4020500,226,Queens
2161,4019900,226,Queens
2162,4021900,226,Queens
2163,2011900,126,Bronx
2164,2012102,126,Bronx
