CT_ID,Population,Household_Income
5000900,1826,55250
1009800,7200,134500
1010000,1768,106705
1010200,100,167500
1010400,919,120217
1011300,110,110000
1011402,1795,155353
1013000,3466,190208
1014000,7529,153906
1014801,3135,154306
1018400,7258,27132
1019000,3504,55536
1020600,3664,38021
3007800,5240,47143
3008000,3746,59432
1024900,1083,41786
1026100,13220,36000
1026300,9487,30961
1026900,9073,38211
1027700,6800,31327
3000501,4419,129107
3004100,3642,121818
3005800,3092,46985
3006000,3054,86800
3006700,3894,158194
3006900,3575,132500
3007400,5280,34850
3009800,7012,38696
3010100,4057,64612
3010200,5142,53550
3010400,5362,42697
3010800,3795,38042
3011000,2445,55625
3011400,4177,43965
3012801,2279,37128
3013000,5028,61410
3013200,2200,53065
3013300,4408,156467
3013700,3512,109081
3013900,3420,120580
3015100,4216,122456
3015300,2678,141250
3015500,4028,143641
3015700,4049,120272
5029102,2974,75889
3017000,3578,66510
3017800,3215,60733
3018600,2249,66600
3018800,2702,64406
3019000,4635,42891
3019200,3076,41442
3019400,3889,47632
3019500,3787,78964
3019600,3822,38973
3019700,3615,90487
3019800,1791,58750
3020400,2111,75991
3020800,3253,52679
3021000,4153,37623
3021200,4525,40472
3021400,2252,54375
3021900,3568,62621
3022000,4381,31732
3022100,3991,50434
3022200,3943,36033
3022700,3654,76549
3023500,4316,51678
3023600,6000,23600
3023800,3857,28399
3024000,4562,31019
3024200,2872,61591
3024500,4534,64000
3024600,2942,46027
3024700,2561,45769
3024800,2749,50739
3024900,4306,66455
3025000,1755,52852
3040600,3816,36292
3025200,4921,47315
3025400,4083,46454
3025600,3008,49236
3025800,4486,41375
3026000,3174,46667
3026200,2550,49357
3026300,1844,38631
3026400,4776,46027
3026600,3501,46974
3026700,4095,50811
3026800,3842,46544
3026900,3121,62125
3027000,2158,60741
3027200,3738,55231
3027300,3317,45900
3027400,3271,48750
3027600,3804,53813
3027800,3285,56607
3027900,3668,58786
3028400,3553,49200
3028501,462,91842
3028800,3566,47641
3029100,2927,44505
3029300,3315,38576
3029700,4373,58462
3029800,3707,55469
3030000,4196,50268
3030500,6350,70125
3030900,2126,36087
3031701,3401,56250
3032300,3641,66419
3032900,6224,42628
3033100,4064,42438
3033700,3920,67763
3033900,4711,37239
3034100,2937,51125
3034200,6270,19574
3036300,4716,31075
3038800,4040,62289
3039600,2038,42192
3039700,3417,38750
3039900,3822,40375
3040100,3169,44412
3040400,2391,52438
3040800,3548,73445
3041300,3965,39128
3041401,1612,59063
3041500,4192,56532
3041700,3101,32344
3041800,2622,34450
3041900,3614,38521
3042000,1640,54643
3042100,4226,41250
3042600,4282,48015
3042700,5064,51842
3042800,3879,52569
3042900,5326,49179
3043000,3492,37813
3043100,4936,62625
3043200,4323,49946
3043300,4014,32500
3043400,3389,52123
3043500,4912,50625
3043600,4678,44799
3043900,3706,53073
3044000,2862,44961
3044100,5094,52852
3044200,2950,71848
3044300,5014,50532
3044400,3310,48133
3044600,2171,60052
3045200,2658,76563
3045400,1645,58750
3045600,2376,33750
3046000,3568,51528
3047000,2708,46250
3047200,2579,51958
3047600,3800,35571
3049500,2654,87652
3049900,1827,78906
3050300,2591,83864
3050500,3817,32750
3050801,4088,47750
3051001,4168,50954
3051400,7942,48445
3051601,5201,52063
3051602,4013,55577
3051700,2529,106184
3051800,3188,60362
3052000,4297,59146
3052600,4658,65578
3052800,1814,83523
3053000,4098,39511
3053200,2740,63906
3053300,6766,26477
3053400,4577,32500
3053800,4640,32841
3054200,4480,41219
3054400,3764,49091
3055000,3330,60568
3055200,3296,51103
3055800,2398,54926
3056000,3518,51581
3056200,1713,55750
3056400,2519,89938
3056600,2876,66445
3056800,1548,84688
3056900,1580,81691
3057000,3494,62031
3057100,3873,57614
3057200,5427,18310
3057300,2410,82448
3057400,2907,93750
3057600,3045,75772
3057800,3391,52841
3058000,4129,43542
3058600,2901,66087
3059100,3979,92768
3059200,4229,60982
3059401,7457,55474
3059402,5309,71899
3059600,2309,53295
3060000,6700,54664
3063200,1604,74250
3063600,1464,105987
3063800,1966,105833
3064000,1794,109911
3064600,2297,94940
3064800,2191,78103
3065000,1576,64500
3065200,1121,91845
3065400,1486,90089
3065600,1774,77328
3065800,1963,81406
3066000,2231,100978
3067000,2888,80417
3067200,1685,70192
3067400,1972,79375
3067600,1797,83382
3067800,2681,88385
3068000,2293,74904
3068200,3112,99583
3068600,1776,57596
3068800,1647,91250
3069000,2146,101146
3069200,2918,107264
3072800,3811,55156
3073400,2021,87361
3073800,4203,62784
3074000,3636,60913
3074400,2704,104167
3074600,2637,82159
3074800,1929,76917
3075000,2711,58750
3075200,1047,153438
3075400,1466,109167
3075600,1996,82813
3076000,3108,57292
3076200,4651,48810
3076400,3815,55111
3076800,3183,41920
3078400,2558,82174
3079000,5257,37367
3079200,3338,39468
3079601,4695,57061
3080000,3907,72083
3080400,3283,41316
3080600,3743,39870
3081400,2792,39769
3081800,4631,60529
3082400,4470,41327
3083200,2089,58819
3083600,2202,59107
3083800,2208,62188
3084000,2469,49487
3084600,1973,57188
3084800,1733,53636
3085000,1525,67679
3086200,2753,42663
3086400,2284,45868
3086600,3079,46335
3086800,3325,48375
3087000,3205,36250
3087800,2524,35588
3089000,5587,28877
3089600,3175,33409
3089800,1614,35938
3090200,3140,41875
3091600,3787,33043
3092400,2608,36989
3013500,3920,134536
3092800,3140,55238
3093000,3030,67917
3095400,4230,76263
3096400,1769,54306
3096600,2680,67679
3096800,1567,67750
3097000,2784,90735
3098400,2086,69542
3098600,2961,68632
3099200,2370,86000
3099400,1850,72961
3099600,3715,69676
3100400,2645,63250
3100600,2500,78750
3100800,2149,68750
3101000,2247,73036
3101400,2263,69464
3101600,1802,83542
3102000,2325,103750
3102400,2307,87375
3102600,2868,75161
3111000,3330,17854
3112400,3316,48819
3112600,3395,33365
3112800,4012,38045
3113000,3970,31615
3113400,3219,19191
3114600,3066,41012
3115000,2812,41346
3115200,3080,38482
3115600,3835,16404
3116000,2235,27449
3116200,2299,39250
3116400,3495,51852
3117000,1860,36553
3117201,2662,58482
3117202,3344,50170
3119400,4466,39531
2003300,3534,20413
2003500,3900,31638
2003800,1434,36667
2004001,1485,49706
2017500,7223,27585
2004400,4607,19077
2004800,4680,32872
2006800,3294,48730
2007000,4584,36016
2008900,3200,24821
2012101,2906,28777
2012500,4195,31336
2013100,5076,36500
2014300,1399,15060
2016200,1966,71319
2016600,2364,76328
2017902,3701,19396
2020200,2252,29868
2020400,3091,45179
2020601,2336,50952
2021601,4356,30160
2022102,5528,21933
2022300,5078,26000
2023200,2711,57708
2023600,1904,38831
2024300,5630,20437
2024600,2082,63500
2025000,2582,76111
2025200,2711,63398
2025400,2097,53110
2028700,3000,54531
2028800,3288,102601
2030100,1392,85500
2031200,1598,76893
2031400,2209,86761
2033000,5885,37355
2036000,3149,61929
2036502,2328,28095
2036800,1988,50357
2037000,2528,45694
2037200,2279,47596
2039200,1655,40282
2039400,5308,31738
2039600,4741,39821
2039800,3587,75962
2040100,4610,31208
2040303,5102,38199
2040304,3903,22750
2040400,3370,49306
2040501,4435,35464
2040502,7260,28750
2040600,3845,48267
2040701,3259,35785
2042200,3292,54698
2042300,4500,35288
2042400,2562,71406
2042800,2114,69800
2042902,4205,26621
2043000,3551,55197
2043400,3884,45625
2043600,2042,67553
4000200,3208,67619
4001000,4230,79432
4001400,4152,64535
4001600,2644,78359
4002800,3382,63438
4003100,986,56250
4003800,2756,73281
4003900,1424,43194
4005100,1921,47786
4006502,3587,80747
4007900,2886,50072
4009400,2810,53674
4010200,2877,52443
4010400,3319,67589
4010600,3963,64716
4011100,3153,71570
4011200,2104,54113
4011300,4453,72861
4011400,1382,42321
4011500,2513,74688
4011600,2108,64167
4011700,3774,59934
4011900,1428,63750
4012100,2130,60119
4012400,3040,69265
4012601,2909,70179
4012602,2720,64000
4012800,2372,63490
4013000,1521,63409
4013600,1945,66645
4014000,3869,66917
4014300,3870,63487
4014500,2289,65313
4014700,2985,79118
4014900,1917,68152
4015300,1976,60577
4015400,2293,61815
4015600,2852,61917
4015802,4925,64219
4016100,2281,51964
4016400,3965,76414
4016600,4011,56852
4016800,3235,82700
4017200,2140,63920
4018000,1210,66739
4018501,3318,70066
4018502,3679,73917
4019000,2589,83006
4023000,1968,107176
4023200,5599,70729
4024700,1464,58125
4025900,3675,52891
4026100,6644,44720
4026600,1682,31850
4026901,4885,49643
4026902,3527,47222
4027000,2071,66250
4027100,8311,61645
4027200,2189,59412
4027300,6710,48333
4027400,1571,67167
4027500,6205,49063
4027700,8030,52667
4027900,6210,51875
4028000,1759,69850
4028100,4819,46576
4028300,7601,60531
4028500,4911,62948
4028700,6226,62964
4028900,5180,66184
4030903,6005,65644
4032700,3611,56786
4032900,3515,58333
4033700,3120,69967
4033900,2715,68813
4035100,4021,55000
4035300,2564,45880
4036100,2471,44900
4036300,1711,53807
4037500,4139,53050
4037700,3691,64545
4037900,6432,60239
4038400,2272,73385
4039400,3061,64550
4040000,1510,82396
4040200,1737,100893
4040300,7066,47386
4041100,3902,60058
4041300,4867,48545
4041500,4052,44659
4043400,1815,93125
4044301,3751,28686
4044302,4317,54286
4044602,4633,40467
4049600,3199,83101
4044800,2869,57500
4045700,3058,65273
4045900,3485,60735
4046100,2535,54688
4046700,5982,32140
4046900,8167,43622
4048100,6386,35063
4048300,3837,56272
4048900,1475,63750
4049500,1571,72550
4050201,1503,92583
4050202,1399,67404
4050400,1960,53750
4050600,1490,73688
4050800,2039,83235
4051000,1720,81534
4051200,2763,81220
4051800,2079,82989
4052000,1394,69350
4052400,1685,74907
4052500,2288,74000
4052600,1970,64615
4053000,2510,77629
4053200,1903,89833
4053601,1988,66506
4054000,4537,62534
4054200,4891,73221
4054500,4185,51328
4054700,5221,62991
4054900,5999,56591
4055100,4334,61250
4055300,2675,45163
4055600,2236,75147
4055800,1683,92870
1013400,12076,96591
4058300,3548,76361
4058500,4243,67663
4058700,3535,58680
4058900,5021,46250
4059100,5606,63851
4059300,4298,60258
4059400,1835,92986
4059600,1333,70469
4059800,1731,86506
4059900,1268,48750
4060000,1140,81731
4060600,1380,84583
4060800,1740,79653
4061400,1362,98750
4062700,2918,69293
4065702,1764,60750
4065703,2986,80774
4065900,1784,85714
4066000,3586,96150
4066100,1545,82375
4066701,2522,55239
4067100,2394,100909
4067700,1792,92750
4067900,4067,48977
4069300,3043,47951
4069500,2041,57225
4069701,3833,64861
4069702,3436,68819
4071306,6596,77500
4071900,2287,39474
4072100,4672,50744
4072900,1419,71563
4073900,5968,84159
4074100,3053,71375
4074300,4356,58718
4077904,5827,64087
4077906,3507,62091
4079900,3018,48603
4085300,5103,38885
4086100,2038,39677
4087100,2554,41612
4092800,3502,139226
4102900,3966,64656
4103300,4264,88438
4105900,4016,82875
4113900,3320,55921
4114700,1712,79432
4115700,3273,52014
4116100,4346,27653
4117500,4727,69769
4118100,1612,63950
4118500,2130,43938
4118700,2409,38875
4119100,2987,44444
4119300,1997,46250
4119500,1354,81518
4120300,1554,73512
4120500,2748,27679
4124100,3901,63333
4124700,3490,72750
4129104,4367,77857
4133900,1315,109896
4140901,989,84625
4112900,2077,87204
4140902,2952,102364
4145102,2578,81458
4157901,5301,98605
4157902,4210,109697
4157903,4318,76786
4001800,2899,67279
4002000,1873,89226
4020400,2513,42378
4003200,1788,61411
4026700,5894,44656
2036901,2289,18679
2036902,2156,24375
4047000,3300,61932
2023501,3182,23311
2040302,4300,28152
2026702,7221,35315
4048000,2479,63688
2023302,3627,26641
4018800,1391,78194
4019200,2090,69531
4017400,2455,63173
4017600,2170,62337
4143500,2303,74286
4013800,3759,60753
4028400,4157,64737
4058000,3724,68854
4071303,5367,84195
2032800,3982,25500
4077902,4879,87450
4077907,3278,45721
4017000,2665,75100
4019400,2965,73052
3097400,2873,61375
3044500,4796,57604
3044700,2378,50000
3006600,3645,62910
2051600,4036,88061
3062000,1817,119833
3039000,2261,64342
2034000,5464,38243
3004900,2718,125833
3009400,5253,42104
3009600,6218,40581
3008200,3942,40850
3008600,0,
3117602,3000,41703
3034900,6113,33917
3035100,4295,32656
3064200,2276,54211
3064400,3021,88750
4005500,860,60179
1011900,1097,16394
1012500,2407,141875
4115900,4097,58400
1022500,10495,51572
1029300,8869,37491
3020000,2427,56667
3020200,1910,94063
3016800,1734,77321
2015800,1082,48289
1003001,3952,72258
2015200,2586,73622
3058200,2759,49750
3055400,4444,49583
3055600,3678,65464
3021700,3962,60219
3083400,1554,55887
3085400,1998,50216
2022403,3374,38875
1001600,7133,44375
3046201,2399,24701
2044800,1917,90132
2034200,1982,49231
2034400,2127,61141
3025901,2228,53033
3025902,3558,16448
2022404,4209,39651
4094700,2234,62452
3098200,4431,20256
3003000,1635,70125
4140300,2318,64400
4061302,0,
4062300,2133,79813
4062500,2760,76250
4074500,4357,45708
4101700,6016,80417
4114100,2546,120347
4045000,2193,80000
3040300,3687,36116
4126700,4666,76932
4122300,3514,68246
4134100,3581,79688
3036002,4341,18092
3056100,3394,84125
2033201,5305,50739
4015200,2820,56522
4020600,2002,69630
3052700,6465,51927
4047200,3671,61280
3093200,1140,79750
4059000,1623,82083
4004700,3743,34063
3090800,6939,10767
5011402,3496,80957
3111800,3336,31842
3052900,3721,37703
2036300,7735,19813
4091900,5503,49644
4092500,3926,41463
3076600,2294,67736
1012000,3056,187292
1012800,5683,165049
4045600,1322,74861
2021100,5138,27539
4050500,1502,71154
2022800,6096,52447
2027700,4883,39554
2027300,7895,38018
2042000,3799,31417
2040800,4595,32262
2021302,6040,31714
3025700,2136,63021
4157101,8458,84096
2026701,4237,42266
4063301,1597,79583
4063302,1429,63380
2024400,2277,52277
4085500,6936,36275
4086300,6461,39955
4086500,4392,29810
4116300,9211,35377
4104700,6682,50556
2022703,1736,49602
2022702,1617,31778
5017009,4598,104393
4035700,3940,62031
1015001,2126,149861
2009800,4824,63267
4009600,3730,87880
4004500,3456,82662
4005300,4726,62250
3048000,3883,30659
3048200,5314,41566
3048400,5711,50156
3117400,4465,53512
3117601,3231,47131
2021001,8825,51457
2023800,2288,50625
2022200,3242,40811
3003600,3775,67105
3006800,4932,45917
4144700,2957,77917
4005700,4445,62177
4005900,4181,80194
4054800,2309,63646
4047300,4356,54911
2030000,6003,52546
4015500,2464,76319
4015700,1294,54792
4015900,3752,51397
3119800,3017,30297
1010601,7144,126607
3026100,4781,42398
2030200,9213,59105
3110600,3993,17405
3036700,1333,50382
3051100,4262,35750
1012100,7920,69507
3016900,5003,82732
3017100,4206,114773
4059200,1442,105833
4062200,1971,82050
1022600,4816,41898
3102200,2217,61132
1005501,4597,160121
1020800,5580,70651
2007700,2022,34516
2007500,6112,26868
2007300,4314,19935
2007900,7054,26438
3035601,3035,43152
3061600,1465,83854
3013100,4226,130156
2037504,3409,20576
3053700,3710,32963
2026500,7615,34919
3042200,3586,60331
3043800,2716,42115
3150200,2811,112656
2038200,2943,50469
3049400,5607,50811
4007500,4101,81716
4007700,1798,81667
4045500,14918,48625
4063000,1558,83700
3014100,3033,102835
4030904,3594,60774
4049200,5249,61691
4012200,3398,61563
4014400,1970,49400
4015000,2610,72719
3038500,3788,60931
3030100,2924,44911
4012000,2314,46071
4014800,1896,65000
2003100,1703,42353
2005200,2091,17454
3014900,5888,124028
3014500,3848,73109
3014700,2473,87679
1009200,1602,122500
1011401,1137,233646
4146300,3043,60769
3025300,3383,50799
4146700,2642,72027
3020600,2417,81324
4100801,2301,88047
1000100,,
4002600,2411,80677
3044800,1965,52361
3045000,537,43750
3080200,4859,47109
3075800,1633,86625
4115100,1075,73487
4117100,2440,43750
4040500,3230,48100
4040700,9272,45761
4040900,5533,48348
1013100,2696,105144
3062800,4588,72627
4025700,1545,60000
4026300,6402,55150
3037700,4482,45688
4026500,3917,54906
4029100,6299,45299
4029300,1118,61250
4051300,2309,75060
2021002,7710,55091
2021200,4960,57679
2038800,2780,57500
2039000,2766,35313
2038600,8737,62577
3028300,3988,34716
3037300,4201,30396
3037500,3221,38056
2022901,5866,28500
1014900,4973,155935
4016900,5856,56541
2004600,1817,39643
3034300,5235,27569
3034500,3085,36548
3011200,6267,30662
2031000,4776,90893
2027402,3450,74063
3050803,2383,45086
3007100,4890,34719
3012700,4800,53245
3028600,4956,40950
3050804,6068,51082
3039400,2408,55673
3041402,1763,46210
3041600,2304,46797
3093400,2330,48182
3094600,1849,58600
4048200,1584,88295
3028502,3131,18850
4006100,5574,64588
2016000,3870,73841
3072000,2141,78750
3072200,3014,67287
1022700,5201,53633
4033000,7207,75833
4083800,5617,77348
1017402,2412,38354
2042901,4046,42625
1021500,4469,33958
4046400,1714,76458
4127700,3226,118233
3024300,4165,56047
3025100,3534,33321
3026500,3991,58603
4109700,1729,97875
1008800,7285,103667
1009000,7500,132390
3018100,3875,83981
4084601,3017,80694
4139900,1745,99375
4129102,4142,109911
4074900,1505,161750
2042600,6477,84850
4033402,13280,49873
3003700,1681,136176
3003900,2364,108214
3017400,2184,100099
3017600,2563,59338
4006501,3422,63214
4144100,3108,89679
3035700,2440,27375
3035900,5410,30096
2014100,5865,28451
2018400,4018,65099
2016400,993,78750
3028100,4649,27265
2008700,6150,27099
4051100,2188,92727
4025400,10071,37103
1001402,2748,29890
4044601,3144,41488
4046000,6199,35391
4021200,2324,44828
4024000,6179,43594
4013700,1664,69500
4006900,3627,58879
4012500,1777,77011
3015000,1567,75750
1007000,8232,102939
4009500,2386,68621
4035200,2913,84167
5002700,2025,25938
3118201,2859,46012
4041400,4409,51190
4044000,3828,60400
3021100,1893,58849
4099701,3014,74922
5031902,5167,36932
4150701,3190,114423
4063500,2761,54865
4077908,3797,48857
3050100,3174,95769
3051500,2289,133500
3018300,2721,104196
3018700,1623,68500
2008400,2780,77885
2006700,7256,20972
4053100,3409,64432
3004300,3496,120368
3004500,3546,145721
3017500,0,
1001200,4010,50399
4148300,2893,127768
2020501,7041,20586
1022400,7661,31600
4015801,3507,62625
4020800,2678,69650
4024600,0,
4018900,3319,67618
4024900,4711,57150
4046200,7012,49088
1007200,7463,108362
1007400,4175,135588
4056000,1716,61029
4043900,3834,42833
3036900,5907,37481
4142900,3506,84464
4145101,1212,86023
4006201,6238,58685
3050202,2360,98603
2027900,7035,58472
4025800,2398,60368
2035800,8054,69939
1011500,3779,122143
3057500,3702,72656
3057900,1117,56250
3052300,5204,42908
4103201,6316,34231
4019800,3197,52292
4019600,2900,65333
4020200,1728,67564
4043701,2934,58523
4043702,6493,40950
3010600,4426,41047
3052500,3451,35568
5014607,4552,74630
3036600,4695,37414
3037000,4322,63083
3037401,4238,45938
4098700,2361,69242
2005400,6003,31692
3058800,3411,65069
3059000,1979,48542
3060600,2777,50500
4002400,2433,70089
3037402,5098,33247
1010602,4562,134943
1011000,6909,114597
1011600,3331,84038
4108500,2309,66563
4109900,3032,74167
4113300,1758,90563
5013201,1497,105294
1019600,3895,17070
3059800,3541,67279
3062600,2739,55833
3047800,4538,41719
3016100,3235,113438
3003500,1892,79083
3017900,4318,52266
3020500,2918,83901
3031702,3589,64231
3032100,5582,51622
3038700,3991,48266
3042400,3641,49417
3041200,3168,50189
3024400,3829,52692
3046800,2220,43750
4070900,2729,85000
4053900,4528,69861
3027500,4439,73571
3027700,4735,40790
3012901,2641,104331
3012902,2390,110694
3045300,2482,53125
3048500,2614,99063
3030800,1988,45417
2007400,3314,36567
3028200,3564,61713
2008600,3982,22704
3118800,4408,49365
4074700,3580,65833
2022101,3896,26732
2014702,5348,19425
2016900,1513,28064
4009800,2704,66000
4011000,3233,71776
4070300,1919,61797
4070700,2474,87404
3022600,2040,46573
3048900,3506,17518
3049300,7471,32665
1008200,3264,131769
2009600,2683,49130
2020100,4254,33938
2007800,7025,40129
3021800,3449,32469
2009200,6091,44318
1008603,4313,167607
3079801,2784,80037
3079802,5683,61974
3008500,7555,13207
3088000,2790,39943
2039500,4228,23860
4133300,3775,82891
4134700,10028,64216
4040400,4103,65329
4061601,2342,97500
4062000,1370,106500
4037600,6094,72689
3042300,4222,62750
4001900,3374,130917
4008300,2594,50417
4008100,1393,57431
4062400,0,
4062600,2846,80441
4021400,7405,51475
4060100,2160,66574
4060300,2094,91250
4049301,2116,62708
1012400,10052,125466
1013200,10850,89282
2002300,4600,17426
3028000,1805,61429
4014201,4277,65625
4014202,2767,79915
4045200,1204,58750
4045400,4507,47907
4066900,1656,75664
3030700,5544,20881
3034700,3740,36172
4085700,5332,37692
4015100,2434,69519
3010000,6178,40938
4016300,3504,20920
1025500,6086,35481
2034300,1680,75547
2039901,5615,25362
4012301,2888,83155
4013500,1500,67132
4042700,5234,51518
4099704,7367,68750
2045600,3344,79257
4122701,12144,56936
4122702,7547,28220
3048600,3292,47981
4107201,2254,82727
4025301,4201,61219
4026000,2379,44018
4026200,1157,71250
4018700,2895,73500
3038600,3498,57188
3039800,2737,52024
3002300,4352,19510
4079701,6807,32091
4084500,5096,26926
4085900,5422,44535
2025600,1688,43125
3019100,2788,86225
2021900,1045,23370
1013800,12201,132087
3021300,4279,42480
3032500,6685,50096
2021501,4716,27102
4055200,2999,53553
4018300,6597,70992
4025100,6240,52368
4025302,2998,64792
2014400,5513,21508
3028700,3003,33333
3028900,3870,50089
2026601,3352,53854
2026602,5207,50300
3053500,4110,27027
3033000,5267,27965
3032800,2593,55236
3048800,3918,48229
4099900,0,
3024100,2707,59798
4010000,3895,92816
4086400,2734,62039
2006900,8090,27950
3030600,1702,46250
3033600,4479,76900
3030300,4795,28380
3079602,4650,45377
3082000,5193,41123
3082200,7485,41862
3000900,4487,161144
3078200,5030,65028
3083000,6184,48140
3031500,4787,53563
3019300,6010,54615
3023300,5252,35938
3087600,1593,34271
3022400,5792,37813
2034500,3357,59632
4161700,4978,92375
4018101,3576,53443
4018102,3449,62733
4115500,2260,52386
4116700,1731,31776
3077600,3723,62083
3078000,2210,83478
3054600,4730,48971
3054800,2046,62989
3082600,5311,44697
3082800,4013,49727
3023000,4171,37404
3022800,3687,32685
3049600,4303,73611
3049800,4268,77383
3050000,3918,85375
3006400,3062,71781
3013800,3083,56053
3006200,2700,63750
3014800,1320,56750
3016600,1863,102829
3040000,3325,51835
3041000,2096,55938
3023200,5406,36617
3023400,4578,28438
3011600,3414,40000
3021600,4769,42400
3009000,2872,38919
3009200,5668,43104
3018000,3352,66346
5031901,2725,9053
4042400,2515,85455
2036700,2440,30068
5009602,3262,83308
3051002,4608,48266
3079400,1669,35871
3049000,5373,51290
3049200,3038,46974
4055700,4400,54167
3029500,4266,56842
3038300,4592,67917
4094202,4590,48047
3039200,3026,42188
3058400,3415,54375
1008400,1956,133142
4061000,1475,83750
4061200,1965,130865
2033700,2381,79773
4052100,2366,83333
4060701,36,
3019900,3504,82955
2026900,3364,38469
4044400,3505,44388
4046800,3221,49861
2012901,4147,23255
2015900,1971,17905
3000200,1243,34931
3014000,1979,70982
4093800,5024,49245
3031400,5138,59022
4051700,1969,63672
3078800,3198,37159
3020300,1825,103571
4111300,2530,85938
4112300,1950,84063
4035800,4202,80345
4064600,3242,85000
4047900,5270,49129
3077200,2896,56740
3077000,3065,49951
3020100,3808,94375
4081800,4547,68148
4084602,962,74028
4080301,3872,53938
4080900,7196,68386
1014200,4493,208024
3036100,2830,28960
3031100,2998,50191
3031300,4675,41165
3096200,1864,71000
4071305,5117,75082
4017800,2365,56667
4084000,6399,58707
3061002,4091,65284
4092200,2025,132981
4057900,1853,59167
3060800,3424,51111
3061003,1792,52159
3029200,2787,46944
3029400,2588,51500
3058900,1690,82045
4058100,3027,57083
4057700,4194,65551
4061301,6111,77377
5013204,4793,83262
4053500,1294,59417
4059500,5303,68095
2035900,1975,23080
2036100,5547,24063
3062200,2842,69231
4002200,2231,70833
4003000,1529,43152
4010800,3448,59779
4011800,2625,56921
4051600,2017,51375
1030900,10663,31549
4099801,8666,68252
4018402,2286,65458
4023600,3198,58050
4023800,4743,45896
4043200,1302,91750
4095400,5793,55526
2037400,3838,27854
4027600,1533,53594
4027800,2348,40000
4026400,2653,58462
4018200,2510,54330
4018600,2062,73264
2027401,4829,93250
3011800,1967,31597
4052200,1758,83646
3099000,1740,85526
4053401,2210,73889
4048400,5235,70833
4050000,4518,43879
4014100,1783,61154
4055400,2361,67344
2024800,3053,57292
2029600,1592,56064
1020901,3510,23875
4032800,2612,60208
4068200,1016,87750
4047600,1469,102857
4047800,5295,71333
3050900,5024,36107
4029500,3537,65955
5001100,3402,44343
5001700,1425,41154
4029900,0,
4152901,6764,74125
4065000,2813,87417
2024502,3752,27813
2026100,1950,68971
2026300,6015,28411
2031600,1910,66625
2032400,3696,19764
2032600,3859,58798
3015400,0,
3030200,4608,56250
3088400,4657,45581
3030400,4106,42250
3018200,3668,60208
3038200,6188,19201
3040200,2857,53269
3045800,1508,72271
5010500,4358,67865
5023900,3765,65345
2020000,4548,43088
2028600,1116,88000
2020502,2163,14821
2040702,6891,33419
2031800,1987,75069
2035000,2078,58056
2045800,5605,24421
2046000,3190,34808
1022900,9021,46508
5002900,4674,28793
5003300,3674,77556
4010100,2461,63309
4009700,3718,87034
5013301,1255,13485
5018702,7703,103802
2035100,3766,76905
2038000,5378,36781
2033800,4176,42353
3116600,2904,40405
3116800,2012,54474
3105801,5768,22641
3042500,3104,59352
3038900,2994,53938
3039100,2782,46007
5020804,5916,94583
3087200,3045,45972
3087401,3717,30760
1014700,3350,190167
1015100,9253,61595
1013600,15959,105867
3003300,3705,118565
3072400,1841,69375
3094402,3122,19604
3110400,4530,35257
3112200,3428,35000
3121400,4716,20601
4005200,2721,59234
4005400,6029,65172
3111600,4078,40160
3112000,3068,24135
3095600,4539,60164
3098800,3247,73603
1023300,7014,52511
1022000,6026,62000
3101200,2235,66375
3027100,2775,40357
3081600,2573,45372
1003100,2659,202404
1016400,7286,27116
3090600,3288,10693
3049100,6594,38400
3050700,2867,40272
3121000,4110,20099
1015802,4519,96471
1018000,8212,34516
1018200,8326,23860
3070203,0,
3120800,9595,35993
1002201,6471,28791
1002202,1901,90703
3055300,2953,98875
3089200,3042,18792
3089400,3082,47188
3090000,4269,22978
1008900,5383,102314
1009300,9260,75862
1011100,4838,105887
1022301,8037,42146
4004401,3865,57917
3037100,4570,50761
3037900,3878,37250
2043100,10627,29568
3033500,3089,46375
3035300,5091,48738
3029900,2968,31953
3038100,5342,32933
4003400,2606,71000
3118600,2727,46047
3035500,5374,46632
3088200,6365,48333
2033600,6697,33816
2037600,2319,53255
2034800,6318,37742
2036400,2688,64167
1019300,9761,41205
1007500,3689,129924
3066200,1663,84750
4022900,47,
4079300,0,
3069800,1392,69375
3101800,2345,80395
3105804,7188,30530
4023500,8065,50274
4056700,5143,92533
4005000,101,
4063900,2965,64526
4080302,3440,59609
3040500,1670,60987
5027704,4555,101221
5019700,1827,97083
3085600,3338,52214
3085800,2317,57679
3085200,0,
3086000,3485,49087
3041100,3041,35369
4055900,1113,60688
2041400,5163,51434
2044200,3760,52474
2044400,4177,66190
4157102,2306,83750
4062900,2951,72926
5015100,5199,111595
2014500,8004,28732
3040700,0,
3040900,3534,48052
3043700,5795,46690
4055500,2290,61010
2019900,8462,33528
2013000,1498,76771
4099802,6029,34836
2023704,3944,21394
2021301,1361,20595
2021502,6349,24256
2021700,5147,27823
1023400,5058,34409
1021400,3596,53424
2040900,3164,46127
2042100,5763,31969
3046202,2041,52738
2019500,7418,28365
4086900,1954,27891
5012500,2952,78654
4001200,3928,65392
3093600,1728,64313
3093800,2390,46691
1008300,3844,69485
1030700,3785,76759
4090700,1453,69886
2014900,4769,24874
4064101,2239,64375
3080800,1117,10729
3081000,2399,41772
5012100,3205,103750
1001800,7490,65223
1004100,8051,80909
2024000,4234,34715
4147900,4430,84196
4150702,3243,75667
3050600,5653,51063
2044901,1631,67368
2044902,1876,68000
2001600,5917,33118
2004200,7207,30710
2025300,6314,30069
4061900,2890,82049
1010800,9192,144881
1011203,1154,124050
1009400,54,
1009600,141,126563
1011201,824,135769
1011202,363,163750
1010900,182,160511
4005800,6182,71702
2023100,1602,18750
2027600,4,
2028400,598,
2006400,3612,31782
2021800,7017,37008
4064500,2072,68571
4073100,1535,116397
4129103,3933,60244
3003100,3033,85577
3021500,5544,67857
2038500,4757,19163
4002500,7367,18060
3051200,6103,41571
3152200,3737,95333
2023703,5527,32484
4010300,4018,64189
4003700,0,
4008600,2823,78833
2005001,4979,24683
2005002,5519,27321
4128300,0,46250
2041100,3766,36681
4136700,5985,66486
3120000,2775,32880
3120200,1971,32083
2020900,4499,28438
2022500,8271,31281
3035400,5503,43773
2007200,5891,37271
2007600,5458,33108
2021602,5635,46453
3055700,1933,87361
4056500,1410,62404
3016500,6003,152143
3015200,2382,84375
4101002,4492,36520
4046300,3855,44110
4046500,3539,38313
4047100,4309,47358
4048500,4190,64737
4065600,5033,78314
2037900,5268,27625
4000600,3690,80352
4000800,3136,70324
3118400,5011,55070
4000400,4583,59566
3118202,3152,53625
3119600,4867,32344
3051300,5406,82730
3051900,5217,123432
5013400,4134,83201
3034800,2819,55469
3035000,3017,39531
4062100,2549,59259
4063700,3462,95000
4065501,0,
1029100,12654,34024
1028300,7781,54243
1028500,7997,43553
3036200,3290,31250
3073000,2302,103424
3073600,3478,70033
1016002,3574,118317
3072600,2251,82353
3073200,2355,75094
1018600,7380,34023
3114201,1700,36739
4120100,1549,46731
1020101,1803,112708
3069602,6168,88048
3070000,1616,59583
1012200,2553,156827
2023502,4180,23529
2038100,6909,36998
4038301,0,
5000300,1967,72386
2029301,1842,97955
1018300,7270,120617
1015002,4999,205145
1016001,3755,250001
1017200,5783,43750
1007900,4379,110543
1016900,8418,114408
1015900,9342,112263
1017401,4566,19890
3118000,0,
2028100,4236,62958
1017000,7677,31079
1016600,6747,40593
1024500,15456,38579
1024700,7680,44671
1016500,6323,138313
3029000,4118,49683
3029600,5898,53137
2002000,9409,18370
3053100,9155,36225
5011202,5479,79525
3012100,2020,101786
2041800,3957,40208
4056100,60,160250
3114202,3013,48837
2019300,5942,22761
5007400,4782,77413
3078600,4910,53019
3094401,3761,81086
3095000,2870,74650
4091601,3540,99792
4009100,2501,65354
2045102,1765,66194
3011700,2608,91307
4125700,3244,48583
4126500,1713,60625
4068300,4091,52005
4071702,3803,44692
5027705,5843,78158
5027706,3520,80286
5990100,0,
1015601,5324,89057
1015602,2458,56458
1023100,6901,42924
1014601,4268,111853
1014602,7560,95227
4017900,1081,43750
1021100,10240,48955
3003800,1436,86000
4047500,4052,50926
3008400,3879,49821
4068700,4638,60291
5014608,3848,96616
3006500,5842,156712
3014300,3469,102470
1002400,4151,14300
1000700,8809,134926
2013800,2597,76600
4056200,1803,91438
1021900,6220,19637
1022302,3407,26007
3005602,1606,66750
5013203,5604,80500
4066300,2650,101413
4066501,4042,97750
3008800,2636,64246
4162100,6458,76875
4049900,5313,56801
4050700,4162,79313
4061800,1801,73810
4063200,2742,100550
4061602,1209,101667
4010500,4358,48030
4063800,3641,110129
3001100,1359,126726
3001500,8088,102899
2030701,5617,87188
4155101,1749,51801
2045101,1544,63819
5022300,2571,62054
5023100,4927,67419
4091602,0,
3053900,2513,21659
3054500,8529,19157
2031900,636,
2029700,3727,91099
4097203,7331,26154
4100802,9077,59529
4099100,7018,99440
4099705,2684,95395
4099200,4191,26766
4045800,2291,60556
4004001,2358,72250
4046600,3602,52788
4084900,7045,26341
2033202,4218,47672
3113200,1972,59792
3091800,2201,22050
3092000,2677,17016
4024500,5178,57377
5024402,4654,91094
3033300,4609,49896
4064102,0,
4081400,3709,68333
4075702,4545,93484
3017200,3282,62196
3018400,2769,79964
4030600,4828,69464
1020300,3423,38750
4079200,2435,82586
2024501,5009,19040
3049700,2882,85058
4096400,6021,60966
4024300,5545,63333
4051500,3260,72298
3107800,4154,65412
3031900,3128,47587
1013500,8254,64654
1013900,10465,101912
5019800,6538,106000
3107000,1968,58618
1031703,5593,250001
4017100,0,
4025500,1439,72981
2025700,1969,34559
2000100,7080,
1016300,6822,119301
1013300,5679,83382
1020500,4950,116131
1000500,0,
4036700,2387,58250
4036500,3242,48350
1002100,6486,250001
1012700,6539,74236
1012900,7122,118954
1007600,1991,89583
1009500,3168,141971
1010100,1273,148348
5002001,2721,87768
5002002,3463,95588
5018701,1808,97228
1021200,4324,53117
5029104,7331,89894
5032300,1138,69239
1018900,11800,26529
4093401,3763,82250
4093402,4506,73277
1022800,5772,38165
1003601,3190,47759
1004300,3931,73025
1005900,5475,123859
1016100,6204,121652
3032700,2465,43953
5017010,9215,78736
5020801,9166,84931
5003900,2424,69539
5004700,2712,69290
1023502,1986,31188
1023600,7530,38466
5017005,5255,101489
5017600,4770,111339
4097202,3170,35058
4097204,3682,43029
1021000,7581,28119
1020701,3036,62331
1002500,5508,17500
2030900,3703,93750
2032300,4400,85755
2037800,3033,39758
1015801,5136,152784
2043500,361,41042
1030300,4581,61714
2011800,5400,81667
1001300,4639,139281
3092200,2515,29504
2013200,7191,106731
5018901,5421,58902
5025100,6310,100152
1031704,9989,162030
1001001,1455,79205
3054700,5444,36214
1001002,5372,18977
3016300,3194,99938
5017300,2282,33947
1025100,2735,32049
3109800,2331,47406
5016901,3114,71331
4077300,2091,71585
4077500,2390,71746
4013400,5103,63448
4004002,1666,84028
2009000,3620,30250
4079702,5006,38640
4083700,5513,52708
2011000,0,
2029302,5767,100996
1003800,8864,59427
4013200,2183,66250
1000800,8993,32313
1026500,8146,73973
1027500,3475,92946
5017012,4444,91131
5000800,5433,80440
1000900,1731,180547
1000202,7764,32068
1031900,0,
3054300,408,131250
1015400,13554,93078
4075701,5139,82292
1013700,6419,148761
1014500,5960,159222
1027900,11803,44962
1028700,4090,47992
1006300,6492,134512
1005700,2769,157176
2018900,8259,26370
1019702,2602,66103
3036001,3152,21750
5012200,3823,95556
1000600,9731,19778
5006700,2495,103265
3025500,5865,20776
5018100,3068,118000
2028500,3527,60078
3016700,5531,141316
1029900,4072,21957
5009700,4232,70985
3091000,4250,11560
3091200,5587,14347
4006202,7051,51250
3114400,2394,30170
3115800,2838,53125
3123700,6325,33709
3122000,5495,44944
2014701,7120,21436
1000201,2835,23574
1001401,3166,84489
2029500,4649,93839
2033500,2011,89141
2007100,2722,38600
2048400,4126,74583
2046201,28272,46491
3017700,0,
3050400,4534,81944
3015900,5314,130021
3020700,4521,113574
3039300,3790,56518
3039500,4076,46582
3069601,3704,62458
4003600,3624,79549
4004200,4377,51288
3074200,3359,80543
3077400,3620,62917
3022900,3841,64935
3023100,3607,71188
2028300,2618,24745
2028900,4773,51414
1003200,7822,68675
3003400,3056,77216
4152902,5113,70768
4155102,8787,87012
5011201,6045,66404
5011401,2913,29444
5005000,4118,67361
3007500,4925,154375
1004500,1015,142632
2022000,2243,27969
1002700,1431,59688
1002900,6365,28861
1005502,2059,127465
2050400,222,50417
2002400,172,
2002800,5269,52294
3002901,4533,22905
3018501,4600,24268
3001800,1959,
2011502,4437,22365
2009300,6104,32565
3007700,5172,135938
2011700,1586,23125
1021303,6001,44688
1021703,8,
4034700,3123,51367
4000700,6079,123658
3011900,1377,91397
4092900,6531,55488
2000200,4542,62773
5024401,6131,78889
4037100,1301,59602
1006800,7677,124070
2000400,5634,82697
4037300,2174,46694
1017700,9421,82176
4093900,5148,73796
4032000,5072,75729
3004400,2511,108125
3004600,1306,103750
3005000,2320,104890
1018100,9554,95478
5017007,5561,84091
5017008,7608,78750
1018500,4695,116382
1028100,3298,99038
1006600,10619,68500
1011800,8767,122537
1012600,13330,133878
1014401,5018,103646
1016800,4941,24777
1002000,4590,14745
1002601,3675,57788
1018700,8534,113879
1019100,9492,101667
1022200,3450,52826
1003002,2915,53333
1003602,3082,85417
1024200,4658,25285
5020803,7115,112473
5022600,8505,105475
5024800,4985,79583
3005201,1666,31302
3005202,2299,74083
1024301,4962,42312
1024302,7783,20949
1009900,5759,126842
1011700,4242,124964
3119200,2913,41615
4066400,9252,79838
2036501,3705,26152
2019400,2334,55625
2026400,5398,61603
4145900,2903,76912
4120700,3169,73194
1023700,7292,41953
4141700,5083,75750
5009601,4222,66927
5017700,6246,102292
1024100,8229,52519
3005601,2462,76413
5001800,603,83438
1014402,6943,126442
1015200,7414,85428
1002602,3845,77212
1003300,5241,193750
1003900,6090,157652
1018800,5804,30963
1019400,6517,20086
1021600,8503,57589
1020102,4441,69306
1021800,6865,47059
2018500,8625,32680
2004100,5517,20137
2001900,2765,40117
2008300,6519,27136
2008500,5972,30898
2038301,4882,28309
2023702,1143,31500
2005100,5588,18428
2006500,5312,25526
2024100,6635,30422
1008700,7186,153350
1009100,6247,116653
1005200,3448,159821
1005400,4635,150000
1015700,9755,139792
1015300,10061,155000
1015500,9991,109827
1016700,6303,165753
1023200,9161,33586
1025900,3773,57161
1022102,2559,52986
1023000,8385,35386
2016500,965,25403
2015100,5029,33525
2015300,4885,17154
1017100,8974,150159
1014802,6786,124250
1025300,13389,50609
2017300,5689,19406
2018301,4022,30990
2018302,3814,33226
2018102,5791,35593
2018101,3107,24594
1027100,9609,57111
1027300,7070,78165
1029500,8298,73420
1029700,20,
2002500,5887,22771
2003900,6742,30357
1004000,8234,89818
1004200,5202,123889
1006100,4962,155960
1006900,2523,198636
2023900,7684,21052
2002701,2868,17383
2002702,4702,13216
2017701,4812,28090
1007700,6117,136731
1008100,7762,125625
2038302,6127,22468
1017500,10756,146042
1017900,8915,75411
1007100,5624,143462
2039700,3881,27440
1014300,3,
1017300,8974,128064
2039902,5346,33142
2041300,8261,46627
2041900,6822,33759
2041500,6058,50440
2042500,6264,27241
2005600,2384,21367
2006200,7184,24152
2003700,269,
2004300,6088,22940
2022701,5194,31368
2023301,3804,24621
2017901,5006,30587
2019700,7165,25302
2038700,3622,23377
2038900,5453,32062
2037300,5908,30928
2039100,7438,33020
2006000,1451,38321
4040100,7779,52132
1019500,7133,116144
1019900,8724,81054
4071100,6400,74573
4072300,2006,107500
4073700,1933,65650
2013300,5995,21923
2013500,3541,23689
2022902,3578,31790
2035600,2143,68893
2046202,9915,37440
2037100,4322,26667
2039300,8721,21651
3066600,0,
4091800,12,
5030301,5110,67885
3119000,2526,40234
5030302,6504,76417
5020700,5372,31250
3032600,7507,23849
5000700,5182,40147
5008100,4802,37176
5018902,5378,83767
3061004,6371,24741
3061200,1029,86953
3000502,2570,106667
3055500,6877,136689
3117800,1928,45688
2022401,2637,43150
5013800,6054,96042
4094201,3280,60385
4094203,6692,52545
5003600,2657,70573
5004000,12897,39222
4028200,1950,73864
4033401,3486,74542
3046400,2768,58266
3047400,2513,50893
4065400,3396,91146
4068000,5300,95000
4103202,8076,52331
5012805,2591,73636
3088600,4286,35563
3088800,4157,44732
4076901,4127,81985
4076902,1251,78550
5012804,4001,74333
5012806,5574,56711
3001300,2217,112000
3004700,1903,107198
3005100,2791,99792
3054900,3999,89241
3055100,5269,74931
3044900,3237,27643
3059300,2194,68304
1009700,4965,51500
1010300,1990,98901
5015602,3342,100150
5017011,4627,87301
5006400,3326,50750
4036600,2891,70662
1007800,8965,118866
1008000,5013,119167
1004700,2236,124821
5007000,9011,67163
4101001,11565,26557
2023000,2832,41341
4138501,4760,65204
4147100,3117,79096
1003700,2579,147738
1004900,4410,95568
4006300,5185,72264
4007100,3288,72302
4007300,3973,69719
3000301,4209,130063
4031700,6014,63214
4033100,0,
4036800,2588,76359
4042600,488,
1019200,4023,17304
4094500,3774,80568
3000100,4473,88238
3000700,4010,157534
3002100,5143,212159
1008601,3022,152120
3047700,3761,101607
3048100,3066,76682
3070202,24,
5022800,12,
3056500,3081,97135
2033400,72,57500
3095800,3670,54537
3096000,0,
3007600,5146,38125
2006100,3697,42200
3034000,2210,20714
1020000,3656,61250
3035200,1114,12302
3056300,5071,69583
3005300,2245,93750
1025700,4637,81513
4109300,3027,88363
2005902,2532,29794
2006300,4497,30524
1023501,6776,40145
1023900,3190,34715
1026700,2056,38911
1019701,514,69375
5029103,8588,81726
1016200,9906,32594
1017800,3684,48353
5014605,3970,107589
1031100,0,
3005400,3177,67015
1008602,0,
4000100,8830,137147
1023801,8533,88724
4008700,4470,27544
1023802,3149,124250
4009900,0,
4010701,0,
5015601,6423,104760
1024000,1862,
3103400,4145,23450
5014606,6174,103060
1001501,6993,88528
1001502,7926,155688
5005900,3058,81691
5014700,3301,87174
1019800,2852,74712
4097300,1730,87375
4098100,2351,93860
4089200,7682,89130
4099703,3619,102772
5014604,6985,77843
3070201,6073,83672
3070600,3104,98889
5027702,6913,63362
4071600,0,
4107202,0,
1005600,3783,124321
5027301,3913,71150
5027302,3755,74948
5027900,2203,103182
4088901,10226,49167
4103900,6507,82156
4028800,5028,64706
4029400,7162,68240
4039800,1748,89167
4052800,1321,53000
4079000,2864,56979
1005800,3521,183988
4018401,2168,63667
4078800,1982,76250
5013302,2985,39965
5014100,2213,65227
3013600,3888,68719
3012000,1107,32708
3002000,1396,64653
4137700,7129,66826
4138502,40,
3002200,4812,37299
3007200,1890,36250
3007000,2629,50380
3012200,5756,41061
3012600,2856,47375
3013400,3976,74602
4056600,1528,54483
3014200,2755,58309
3016000,3965,64118
3016200,2204,75694
3016400,1069,90875
2025500,6905,32115
5007500,3989,50688
5007700,1356,42917
3099800,3537,70611
3102800,1691,75625
2024900,0,
2025100,6636,29559
4008800,3845,86731
4088400,8248,80263
4121100,0,
4121500,4426,64500
4003300,3129,62961
4004300,2626,25500
4008500,915,43750
4056400,1246,50667
3036501,3254,39926
4022002,7087,61121
4077903,3330,76659
4038302,0,
4077905,2526,73750
5021300,5082,61726
4053800,1841,95714
4058200,4636,91974
5000600,2351,32778
5002100,4061,54081
5015400,0,
5015603,4750,89212
4118900,2157,62583
4119900,1585,60583
4056800,4876,78725
2012300,4095,23590
4049302,2927,67500
4049700,3054,73750
1006500,6423,104384
1006700,5262,99671
1007300,5887,106522
4038100,7004,48933
4039900,4196,52378
3036502,1288,36708
3005900,1253,70833
3006300,1922,111313
2005300,4483,13519
2024700,2037,43438
1003400,6410,75340
2015700,4427,34738
2015500,2884,17912
2016100,4361,14667
2016300,0,
5020100,3441,81771
5024700,2781,56875
1002800,6690,36470
1006400,7800,106179
1004800,6249,114808
3035602,5219,36615
3036400,2377,53173
1004400,16684,98886
4071304,5825,48032
4071701,5026,66715
1006000,5348,123563
4069000,3499,76528
1006200,4219,105170
4029700,1888,61838
4030902,6833,52380
1005000,5202,137986
4130100,3932,75547
4156700,1601,55313
2016700,3625,29549
2017100,0,
2017702,5786,29327
2012701,1832,20859
4069400,3681,80398
4021600,4009,68211
4022001,6124,68868
4020500,1205,58750
4019900,773,38977
4021900,0,
2011900,5557,25261
2012102,1509,20559
