ctid,shape_area,building_a,percentage
5000900,2497009.714,1561802.16,0.625468996
1009800,1906016.35,1215886.506,0.637920292
1010000,1860938.377,1113593.24,0.598404146
1010200,1860992.705,1072704.641,0.576415286
1010400,1864600.375,1172095.805,0.628604295
1011300,1890907.291,1179309.946,0.623674123
1011402,1063547.414,653601.6319,0.614548654
1013000,1918144.54,1093722.15,0.570197984
1014000,1925984.223,1174563.189,0.609850888
1014801,559216.1578,309472.1925,0.553403524
1018400,1903568.353,1124776.939,0.590878146
1019000,1117371.679,517630.9386,0.463257615
1020600,1602693.822,624243.03,0.389496123
3007800,1509791.99,983808.6865,0.651618695
3008000,1506326.485,830211.8307,0.551149992
1024900,652856.343,118353.4968,0.181285666
1026100,1681539.06,868914.5388,0.516737648
1026300,1691891.994,723407.9992,0.427573392
1026900,1889655.548,855234.2829,0.452587395
1027700,1760155.988,488089.504,0.277299005
3000501,901506.9925,604310.5197,0.670333702
3004100,1744094.411,1081266.77,0.619958853
3005800,2080303.311,1337425.264,0.642899166
3006000,1639074.042,1029326.552,0.627992712
3006700,1680804.341,1135507.738,0.675574016
3006900,1927677.572,1140976.755,0.591891908
3007400,1516612.999,928006.3752,0.611893987
3009800,1625498.652,1075542.29,0.661669137
3010100,3393635.784,1268946.157,0.373919371
3010200,1640687.839,970707.4058,0.591646615
3010400,1639390.921,1081688.715,0.659811336
3010800,1624849.988,983084.8553,0.605031149
3011000,1699091.864,543110.4829,0.31964751
3011400,1806159.314,897123.6881,0.496702412
3012801,1238338.72,502545.7362,0.405822517
3013000,1899181.527,1267964.162,0.667637161
3013200,1665114.564,750572.6791,0.450763386
3013300,1596011.22,1080580.061,0.677050416
3013700,1638366.058,1021038.91,0.623205605
3013900,1631336.466,1088848.168,0.66745775
3015100,1607114.126,1048525.757,0.65242769
3015300,1619490.318,837196.8985,0.516950851
3015500,1610814.53,937359.7954,0.58191665
3015700,1802056.047,1152104.565,0.639327821
5029102,106429275.1,7251513.821,0.068134579
3017000,2249706.471,1390898.857,0.618257926
3017800,1765217.211,989757.0557,0.560699867
3018600,1216850.356,851087.9143,0.699418717
3018800,1885932.632,1201539.121,0.637106067
3019000,2291793.605,1402793.61,0.612094216
3019200,2042946.474,865802.2469,0.42380075
3019400,1920211.755,922558.3509,0.480446153
3019500,1475082.708,767000.8076,0.519971391
3019600,2027285.922,1271814.376,0.6273483
3019700,1828072.206,875146.8195,0.478726615
3019800,1450201.497,988193.5287,0.681418086
3020400,1450945.784,989840.7448,0.682203812
3020800,1542688.997,1062498.125,0.688731253
3021000,1614539.932,1087932.105,0.673834126
3021200,2054324.467,1222365.63,0.595020723
3021400,1808036.312,608376.6562,0.336484755
3021900,1582742.164,947610.8093,0.598714579
3022000,2091173.161,1239215.617,0.592593497
3022100,1617936.881,845313.4225,0.522463782
3022200,1896474.051,1141711.54,0.602018013
3022700,2588318.216,1146460.952,0.442936631
3023500,1523725.767,807807.8594,0.530153048
3023600,1828207.777,1085890.228,0.593964342
3023800,1828765.822,1124269.329,0.614769434
3024000,1827206.393,1112717.739,0.608972114
3024200,2061125.047,1084192.594,0.526019805
3024500,1795931.543,1150429.413,0.640575314
3024600,1845582.935,1154111.734,0.625337238
3024700,2028330.425,896971.0036,0.442221342
3024800,1895137.519,874015.9363,0.461188662
3024900,1813352.695,1052017.097,0.580150293
3025000,1867289.953,559986.2332,0.29989249
3040600,1582378.666,1096398.061,0.692879703
3025200,1950979.095,1292991.936,0.662740026
3025400,1888611.582,1149430.758,0.608611516
3025600,1869263.07,1128194.386,0.603550353
3025800,1832115.625,1245844.502,0.680003208
3026000,1753286.172,1217175.912,0.694225468
3026200,1699503.058,1070242.47,0.629738479
3026300,1287405.971,506053.9814,0.393080343
3026400,2038976.304,1332355.774,0.653443481
3026600,1785503.086,1232026.054,0.690016199
3026700,1717367.878,1124579.646,0.65482746
3026800,1926489.204,1252533.204,0.650163625
3026900,1441848.772,743884.4126,0.515924019
3027000,1444005.58,914796.5911,0.633513197
3027200,1422363.403,983593.2732,0.691520375
3027300,1611451.005,923199.3404,0.572899416
3027400,1758627.07,1107262.486,0.629617561
3027600,1607862.58,1024673.013,0.637288924
3027800,1727742.077,958475.3177,0.55475602
3027900,1743087.978,1112658.024,0.638325798
3028400,1768012.327,1223053.046,0.691767262
3028501,895739.6968,138825.7155,0.15498444
3028800,1644934.164,1059240.008,0.64394067
3029100,1772059.652,858403.2339,0.484409897
3029300,1770060.576,904953.5697,0.511255706
3029700,2212768.017,1227250.526,0.554622318
3029800,2379873.959,1388796.459,0.583558828
3030000,2099450.971,1293823.349,0.616267475
3030500,3474329.276,1489009.211,0.42857458
3030900,1587377.38,632181.1419,0.398255103
3031701,1504293.97,958441.0599,0.637136809
3032300,1862860.631,1046128.236,0.561570854
3032900,1683542.614,955905.5581,0.567794097
3033100,1533546.784,966654.0715,0.630338821
3033700,2126882.101,1068874.499,0.502554654
3033900,1945657.673,1224111.914,0.629150714
3034100,1504308.071,535098.223,0.355710531
3034200,2475181.553,1441064.939,0.582205752
3036300,2785736.459,1466993.341,0.526608803
3038800,2130565.925,1305752.926,0.612866708
3039600,1757819.546,1112967.872,0.633152518
3039700,1712820.273,944039.2854,0.551160738
3039900,1627809.275,891872.9913,0.54789772
3040100,1718318.954,932524.3095,0.542695701
3040400,1653839.791,966050.4305,0.584125763
3040800,1654268.744,1011165.793,0.611246387
3041300,1745182.881,1044159.324,0.598309401
3041401,1454192.396,730550.2894,0.502375264
3041500,1750287.791,1066097.84,0.609098598
3041700,1519400.535,1086030.534,0.714775669
3041800,1773170.32,1038936.658,0.585920397
3041900,1646861.671,928389.716,0.563732663
3042000,1820929.02,1021511.95,0.560983948
3042100,1651413.353,1017801.102,0.616321226
3042600,1829969.144,1077617.85,0.588872142
3042700,1595494.714,950480.0283,0.595727469
3042800,1773181.658,1083985.53,0.611322323
3042900,1809836.561,986169.4419,0.544894198
3043000,1721309.636,820380.3449,0.476602424
3043100,1810786.865,1023953.556,0.565474367
3043200,1593340.969,952529.9348,0.59781927
3043300,1810979.341,901818.1829,0.497972651
3043400,1509164.808,945512.3987,0.626513681
3043500,1810895.363,966798.6395,0.533878798
3043600,1480301.677,976383.2961,0.659583996
3043900,2152392.831,1194816.852,0.55511096
3044000,2173529.656,1240721.513,0.570832567
3044100,1528572.533,967683.7622,0.633063686
3044200,1969036.007,1287141.86,0.653691378
3044300,1805749.998,1052960.782,0.583115483
3044400,1878090.012,1205881.522,0.642078662
3044600,1519495.979,669874.9082,0.44085336
3045200,2005613.079,1281649.991,0.639031528
3045400,1423881.815,827855.3963,0.581407381
3045600,1653625.098,956195.4,0.578241949
3046000,2107798.136,1372974.242,0.651378431
3047000,1966226.07,1062740.851,0.540497793
3047200,1850619.132,1062069.817,0.573899728
3047600,2236222.6,1306701.561,0.584334297
3049500,1389722.735,827920.7456,0.59574527
3049900,1532199.801,608931.4062,0.397422977
3050300,1348755.419,816033.8381,0.605027291
3050500,1823285.676,897789.2303,0.492401845
3050801,842216.0606,567470.271,0.673782296
3051001,828176.5767,483366.5718,0.583651585
3051400,1949161.836,1238653.169,0.6354799
3051601,1247781.408,788570.5648,0.631978133
3051602,979567.9559,614601.4684,0.627420961
3051700,2020312.329,621814.7213,0.307781481
3051800,2170111.34,1400559.12,0.645385835
3052000,2056594.475,1246512.138,0.606104973
3052600,1823527.02,1104250.4,0.605557465
3052800,1891640.222,1221270.486,0.645614569
3053000,1861290.054,1085300.763,0.583090616
3053200,1876179.01,963117.6224,0.513339941
3053300,2078811.967,1101976.955,0.53009939
3053400,1866105.772,1248502.186,0.66904149
3053800,1770108.615,1044564.568,0.590113262
3054200,2036089.77,1302525.546,0.639719115
3054400,2045270.611,1282704.539,0.627156393
3055000,1937232.771,1230876.915,0.635378945
3055200,1805017.4,983072.0544,0.544633007
3055800,1847310.158,917410.1493,0.496619447
3056000,1988439.594,1329702.423,0.668716529
3056200,1838820.874,1247543.193,0.678447374
3056400,1972387.642,1281263.086,0.649600037
3056600,1846300.401,1104386.028,0.598161614
3056800,1267976.136,765315.8046,0.603572719
3056900,1376243.887,602268.9191,0.43761787
3057000,2824696.889,1508288.04,0.533964563
3057100,1892836.353,1269427.842,0.67064849
3057200,2622725.166,2177764.528,0.830344161
3057300,1831149.523,894980.7376,0.4887535
3057400,1713577.629,1167625.08,0.68139608
3057600,1707334.544,1111045.621,0.650748633
3057800,1853782.133,1143837.282,0.617028971
3058000,1707766.255,1038096.637,0.607868105
3058600,1759616.26,1005065.116,0.571184262
3059100,2060784.36,1022236.678,0.496042525
3059200,2360097.749,1463565.563,0.620129214
3059401,4528015.907,2812550.825,0.621144202
3059402,3470556.205,2305660.994,0.66434913
3059600,1863185.138,1043630.364,0.560132401
3060000,4732242.741,2861257.274,0.604630284
3063200,1264075.903,713870.8162,0.564737303
3063600,1230571.816,837772.4646,0.680799328
3063800,1498401.257,979470.4625,0.653677016
3064000,1651211.884,1095615.039,0.663521774
3064600,1782721.283,1141597.505,0.640367911
3064800,1631120.822,1105185.801,0.677562193
3065000,1789145.881,935633.745,0.522949948
3065200,1875210.128,1138346.224,0.607049955
3065400,1631231.599,1126706.896,0.690709337
3065600,1653143.993,1140942.996,0.690165528
3065800,1650702.279,1099049.248,0.66580707
3066000,1639605.383,1126830.121,0.687256905
3067000,2244629.177,1329875.297,0.592469933
3067200,1876487.989,769818.3744,0.410244232
3067400,2039940.895,1260090.484,0.617709311
3067600,1672665.675,968089.0751,0.578770217
3067800,1789096.28,1217119.046,0.680298238
3068000,1817783.466,1089846.054,0.599546687
3068200,2176848.589,1401047.957,0.643612957
3068600,1592924.452,955696.316,0.599963366
3068800,1686416.912,1080470.455,0.640690002
3069000,1861629.045,1131935.723,0.608035057
3069200,1952887.726,1177231.545,0.602815784
3072800,2282665.341,1453209.388,0.636628314
3073400,1626698.011,887210.2423,0.545405623
3073800,1944417.156,1110230.507,0.570983702
3074000,1747894.616,1064042.315,0.608756561
3074400,1844716.483,1248068,0.676563587
3074600,2159993.828,1046369.114,0.48443153
3074800,1900351.998,1130984.254,0.595144613
3075000,1866699.15,1302031.347,0.697504655
3075200,1864085.121,1265816,0.679054827
3075400,1867167.796,1195188.147,0.64010752
3075600,1867819.331,1191314.114,0.637810143
3076000,1954536.395,1264473.457,0.646942907
3076200,2024074.617,1331850.52,0.658004655
3076400,1740194.686,1131237.091,0.650063524
3076800,3265655.286,1303682.438,0.399210059
3078400,1801875.971,1217253.617,0.675547949
3079000,1965032.156,1217231.696,0.619446197
3079200,2332263.87,1310075.557,0.561718412
3079601,1188358.751,874762.4499,0.736109739
3080000,1869357.374,1288020.867,0.689017993
3080400,2042543.224,1016907.011,0.497863154
3080600,1790089.338,848246.5272,0.473857091
3081400,1831958.592,1041019.148,0.568254737
3081800,1699559.936,1047339.146,0.616241372
3082400,2307258.416,1386482.285,0.600921975
3083200,1566888.337,1006845.062,0.642576142
3083600,2240975.58,846346.0881,0.37766859
3083800,1796855.892,1134503.432,0.631382537
3084000,1830663.382,982749.3073,0.536826878
3084600,1778802.697,981008.4778,0.55149932
3084800,1479845.466,867787.642,0.586404231
3085000,1556707.691,796685.7427,0.511776069
3086200,1508724.512,955618.5608,0.633394999
3086400,1621224.171,871321.5411,0.537446676
3086600,1684237.127,980062.2361,0.581902762
3086800,1879388.248,1117782.653,0.594758775
3087000,1676352.267,985570.5768,0.587925698
3087800,1629552.999,645242.9999,0.395963188
3089000,2672111.257,1219204.802,0.456270224
3089600,1605933.843,838773.312,0.522296305
3089800,1661399.967,697288.3926,0.419699294
3090200,2051102.74,1261716.525,0.615140578
3091600,2321085.511,1297082.223,0.558825695
3092400,2709111.047,1065787.615,0.393408611
3013500,1635300.973,797634.8155,0.487760253
3092800,1692107.991,969071.3833,0.572700672
3093000,2090418.963,1082474.41,0.517826536
3095400,2551621.316,1578288.19,0.618543269
3096400,1900792.266,1085327.194,0.570986748
3096600,1950813.549,1132404.791,0.580478227
3096800,1603786.871,945091.5862,0.589287519
3097000,1759315.575,964659.0916,0.548314984
3098400,1214786.691,815891.3487,0.671633427
3098600,1677791.553,1024523.851,0.610638341
3099200,1448961.107,914239.099,0.630961794
3099400,1872516.877,785589.6461,0.419536751
3099600,2041897.35,1242031.368,0.608273167
3100400,1421504.199,927385.9315,0.652397603
3100600,1637144.158,1117270.728,0.682451037
3100800,1602833.033,984798.9309,0.614411427
3101000,1844400.828,1230919.796,0.667381937
3101400,1668038.251,1135987.918,0.681032295
3101600,1210060.371,844780.8456,0.698131156
3102000,1690994.82,1120407.691,0.662573107
3102400,1540219.432,946960.439,0.614821771
3102600,1462012.237,922201.0532,0.630775195
3111000,1326238.836,1026328.177,0.773863764
3112400,1914338.597,1056793.889,0.552041259
3112600,1813472.222,982311.1037,0.541674194
3112800,1982798.096,1230448.491,0.620561667
3113000,2086280.511,1212114.525,0.580993073
3113400,1651198.272,712179.212,0.431310536
3114600,1723239.684,968920.5016,0.562266823
3115000,1703334.326,842154.6205,0.49441534
3115200,1788251.721,998894.0143,0.558586916
3115600,1720940.1,781878.0193,0.45433192
3116000,1629832.721,986423.7171,0.605230036
3116200,1543810.231,966418.6097,0.625995728
3116400,1954432.435,1105428.428,0.565600738
3117000,1653944.02,593089.4809,0.358591025
3117201,1390018.149,893884.2726,0.643073814
3117202,1634622.145,1088754.511,0.666058829
3119400,1964536.042,1200004.296,0.610833434
2003300,1639977.723,602944.4666,0.367654059
2003500,1525330.738,481059.4059,0.315380392
2003800,682166.2139,393780.9247,0.5772507
2004001,1325276.16,659267.6665,0.497456822
2017500,1631792.279,766486.5073,0.469720636
2004400,2884623.978,1822328.612,0.631738704
2004800,1568167.57,570574.7788,0.363848092
2006800,1692236.887,780758.3315,0.4613765
2007000,2207823.454,1388127.065,0.628731008
2008900,1174411.473,572637.4889,0.487595278
2012101,1251776.337,616966.4972,0.492872791
2012500,1828803.462,882679.927,0.482654339
2013100,2475848.319,1047140.591,0.422942142
2014300,1395894.379,238944.4245,0.171176579
2016200,1944076.728,1279313.308,0.658057004
2016600,3078388.742,1618926.766,0.525900691
2017902,827548.3041,343169.9811,0.414682719
2020200,1343331.054,753215.0545,0.560706947
2020400,1447955.991,772878.4643,0.533772068
2020601,1629908.752,975807.5375,0.598688446
2021601,1761363.11,821580.8749,0.466446056
2022102,842620.1185,452575.4707,0.53710499
2022300,1001578.111,541570.0626,0.540716752
2023200,1536082.354,882870.6355,0.574754754
2023600,989504.9787,542468.5965,0.5482222
2024300,1607394.771,940989.972,0.58541311
2024600,1640625.779,1016099.777,0.619336713
2025000,1955822.495,1239856.255,0.63393087
2025200,2048258.644,1367164.774,0.667476629
2025400,1828910.83,1043291.204,0.570443997
2028700,1670599.1,1052010.897,0.629720738
2028800,3616695.499,2271207.61,0.627978665
2030100,1583340.316,829792.1703,0.524076954
2031200,2175834.037,1430136.729,0.657282084
2031400,2272270.79,1353744.51,0.595767246
2033000,2218401.189,1218391.738,0.549220648
2036000,2857374.967,1629128.991,0.570148829
2036502,1050346.584,503323.3054,0.479197356
2036800,1820227.869,1013544.955,0.556823116
2037000,1709084.351,1085868.989,0.635351315
2037200,2008935.365,856481.7995,0.426336165
2039200,1035565.147,587329.7314,0.567158651
2039400,1560974.407,1011228.996,0.647819074
2039600,2402726.497,1535952.765,0.6392541
2039800,2172955.464,1250129.02,0.575312767
2040100,1841945.88,624704.0501,0.3391544
2040303,949187.8451,551398.5277,0.580916128
2040304,723328.3203,479312.5397,0.662648657
2040400,2316966.963,1453999.326,0.627544263
2040501,873437.2412,507775.802,0.581353506
2040502,1534114.671,1045328.11,0.68138851
2040600,2403938.473,1522229.96,0.633223345
2040701,630565.9648,343720.1363,0.545097826
2042200,1884434.553,1283172.353,0.680932299
2042300,1939179.595,546285.6137,0.281709654
2042400,1882378.371,1175360.86,0.624402022
2042800,1821035.079,1084183.197,0.595366454
2042902,1011499.021,657477.9747,0.65000357
2043000,2219376.164,1367451.26,0.616142176
2043400,3761012.916,1342734.702,0.357014116
2043600,1679294.22,1060850.771,0.631724184
4000200,1665497.044,1099005.877,0.659866603
4001000,1743090.012,1294819.76,0.742830118
4001400,2305944.341,1624055.893,0.70429102
4001600,1623632.687,1066931.749,0.657126306
4002800,2386683.268,1381322.627,0.578762438
4003100,1775765.133,609161.1756,0.343041523
4003800,1896703.607,995952.3276,0.525096448
4003900,1580667.032,392591.926,0.248371047
4005100,1476104.593,532963.6686,0.361060911
4006502,1650722.263,1160796.48,0.7032052
4007900,1727511.123,976924.911,0.565510055
4009400,1869642.049,1141247.07,0.610409394
4010200,2302072.588,1337461.815,0.5809816
4010400,2007367.444,1430786.449,0.712767587
4010600,1862499.156,1205278.973,0.647129943
4011100,1622555.602,1005245.206,0.619544381
4011200,2029245.426,1043241.224,0.514103031
4011300,1922996.042,1227512.518,0.638333357
4011400,1308602.975,620334.4567,0.474043288
4011500,1997244.194,1072514.249,0.536997054
4011600,1502722.922,904289.5557,0.601767327
4011700,2290673.01,1494644.298,0.652491338
4011900,1199795.087,685132.3178,0.57104111
4012100,1484400.402,915498.848,0.616746564
4012400,2103190.187,1203690.269,0.572316416
4012601,1585195.988,1060299.155,0.66887575
4012602,1583994.728,1096577.742,0.692286232
4012800,1721777.313,1211508.888,0.703638548
4013000,2016151.032,1187413.752,0.588950794
4013600,1632351.176,812679.5013,0.497858251
4014000,2390486.939,1511081.063,0.632122702
4014300,1469451.935,1026942.536,0.698860923
4014500,1374739.954,904532.4652,0.65796623
4014700,1592386.541,1029407.051,0.646455508
4014900,1147477.904,698800.2124,0.608987946
4015300,1309390.558,776442.4027,0.592979992
4015400,1617854.278,912874.7215,0.564250275
4015600,2253099.498,1392775.912,0.618159967
4015802,2997105.577,2026886.147,0.676281197
4016100,1157640.32,695761.3501,0.60101686
4016400,2129308.784,1491313.534,0.700374481
4016600,2185345.389,1415472.551,0.647711139
4016800,2276026.944,1426750.858,0.626860267
4017200,2076615.058,1171163.678,0.563977264
4018000,1533595.044,708913.0042,0.46225567
4018501,1060457.971,659522.614,0.621922445
4018502,1059000.903,609292.9427,0.575346953
4019000,2026398.557,1332958.028,0.657796573
4023000,1782960.144,1118042.202,0.627070776
4023200,3557225.345,2068612.841,0.581524261
4024700,1000045.876,403118.5615,0.403100069
4025900,2014820.41,867382.5107,0.430501154
4026100,2384003.766,1414998.344,0.593538636
4026600,1861807.641,994315.226,0.534059053
4026901,1230343.788,825459.3925,0.670917674
4026902,844998.0225,577384.7252,0.683297132
4027000,1992018.841,1093293.222,0.548836788
4027100,1496180.538,1029761.312,0.688260063
4027200,1653862.64,1127042.437,0.681460727
4027300,2316635.901,1392208.773,0.600961408
4027400,1546921.116,1119693.492,0.723820679
4027500,1911640.188,1281220.047,0.670220293
4027700,1876123.383,1281741.952,0.683186385
4027900,1913241.97,1292283.311,0.675441649
4028000,1775383.46,1183519.136,0.66662733
4028100,1877449.707,1300045.339,0.692452817
4028300,1913172.899,1158896.395,0.605745772
4028500,1701419.415,1085626.076,0.638070817
4028700,2104983.114,1145864.309,0.544357958
4028900,1859020.463,1203554.872,0.647413461
4030903,3785525.773,2563477.147,0.677178627
4032700,1623732.591,1096027.64,0.675005014
4032900,4703696.539,1999478.52,0.425086632
4033700,1623669.216,1103894.814,0.679876667
4033900,1623371.598,973123.3207,0.599445821
4035100,1498730.095,965755.7309,0.64438269
4035300,1670746.139,894423.6544,0.53534384
4036100,1693934.91,927097.7358,0.547304227
4036300,1449335.069,825152.7739,0.569331959
4037500,1649123.595,896200.1507,0.543440257
4037700,1580389.275,936383.9341,0.592502081
4037900,2120846.469,1299623.647,0.612785351
4038400,3206706.153,2059661.363,0.642298129
4039400,3749393.882,2510676.694,0.669622017
4040000,2112654.246,1267732.421,0.600066207
4040200,2352448.771,1536465.609,0.653134567
4040300,2137395.115,1349905.322,0.631565644
4041100,1481730.57,813858.9865,0.549262466
4041300,1709061.301,1023417.555,0.598818518
4041500,1866262.033,979989.8744,0.525108402
4043400,2213959.915,1270439.392,0.573831253
4044301,1437697.867,917068.5814,0.637872951
4044302,2992542.393,1135962.085,0.379597659
4044602,1830580.375,823014.613,0.449592175
4049600,2943686.955,1923225.094,0.653338865
4044800,2240965.722,1298356.589,0.579373694
4045700,1620253.988,1028748.685,0.634930506
4045900,1473337.15,1024832.071,0.695585577
4046100,1226622.47,722134.5501,0.588717856
4046700,1528977.757,965649.1389,0.631565197
4046900,1629557.553,1099415.69,0.674671286
4048100,1496671.331,899032.4659,0.600687972
4048300,2399980.593,1250129.633,0.520891559
4048900,3743760.558,726159.1911,0.19396518
4049500,1321263.626,669293.2036,0.506555384
4050201,1810554.368,1187047.738,0.655626674
4050202,1645285.314,1091904.703,0.663656749
4050400,2327566.9,1413195.822,0.607155834
4050600,2218356.933,1453341.772,0.655143341
4050800,2363416.277,1359092.492,0.575054215
4051000,1989781.124,1241015.364,0.62369441
4051200,4044798.631,2277282.269,0.563014992
4051800,1827884.209,1247769.839,0.682630679
4052000,1853857.834,1080731.944,0.582963766
4052400,2111656.304,1460106.808,0.691450974
4052500,2175165.126,1067316.632,0.490683038
4052600,1962757.781,1312256.956,0.668578145
4053000,2477580.923,1651441.112,0.666553854
4053200,2043402.255,1224561.036,0.599275563
4053601,2059465.988,1326225.888,0.643965909
4054000,5627808.727,3288076.404,0.58425518
4054200,5824785.558,3790438.637,0.650743036
4054500,1221365.563,733200.5766,0.600312142
4054700,1390289.416,928731.1254,0.6680128
4054900,1767827.171,1087171.776,0.614976279
4055100,1669725.767,1042863.74,0.624571867
4055300,1475828.669,831801.1891,0.563616365
4055600,2442153.386,1713050.124,0.701450668
4055800,2070613.576,1384900.356,0.668835736
1013400,1956780.763,1145662.689,0.585483418
4058300,1528044.189,1026235.943,0.671600959
4058500,1842457.077,1162148.505,0.630760152
4058700,1549455.358,1042619.997,0.672894505
4058900,1780244.762,970703.2547,0.54526393
4059100,2174921.355,1484065.164,0.682353484
4059300,2719007.52,1685731.009,0.619980267
4059400,2389902.256,1610204.23,0.673753174
4059600,2094112.16,1306278.339,0.623786234
4059800,2227865.357,1341206.858,0.602014324
4059900,1368119.257,855196.6117,0.625089229
4060000,1902339.451,1280594.985,0.673168495
4060600,2317297.135,1541547.983,0.665235355
4060800,2271701.662,1512489.637,0.665795893
4061400,2772036.302,1381252.576,0.49828084
4062700,1693386.239,1164579.114,0.687722085
4065702,1547771.958,952513.2141,0.615409272
4065703,2889534.642,1954367.588,0.676360671
4065900,2083719.914,1233093.699,0.591775167
4066000,4160670.377,2816491.683,0.676932184
4066100,1439518.865,969818.7924,0.673710374
4066701,2769361.318,1830722.57,0.661063097
4067100,2465973.828,1644748.383,0.666977226
4067700,2001637.143,1333968.831,0.666438888
4067900,2727322.884,1627577.451,0.596767424
4069300,1451116.952,809559.6715,0.557887268
4069500,2295318.641,1350511.707,0.588376569
4069701,1387032.093,736791.6499,0.531200146
4069702,4839267.692,2964113.368,0.612512793
4071306,1839246.778,1188951.371,0.646433847
4071900,1758572.257,933118.3332,0.530611312
4072100,1818395.393,1049849.573,0.577349446
4072900,2085109.178,1260605.408,0.604575253
4073900,2410955.703,1388455.749,0.575894342
4074100,1850016.967,1057980.453,0.571876081
4074300,2083264.214,1427829.171,0.685380741
4077904,4125289.741,2718612.669,0.659011328
4077906,3088389.612,1840867.073,0.596060505
4079900,3090324.155,1752201.494,0.566996019
4085300,2102465.748,1216051.239,0.57839289
4086100,1603443.548,874491.0384,0.545383116
4087100,4768480.855,2043266.65,0.428494255
4092800,8206266.925,4981892.358,0.607083879
4102900,5339720.327,2829982.487,0.529987024
4103300,6525351.569,4376822.423,0.670741243
4105900,7002900.818,4580656.589,0.654108448
4113900,4132816.052,2296090.265,0.555575239
4114700,3311049.886,2262331.217,0.683267029
4115700,3386397.121,2061054.111,0.608627411
4116100,1908884.055,939432.9062,0.492137227
4117500,6052323.891,3600926.198,0.594965878
4118100,2096778.882,1386558.659,0.661280343
4118500,1665902.134,972437.0548,0.583730001
4118700,2015272.473,1282726.578,0.636502803
4119100,2342906.746,1635809.479,0.698196581
4119300,2275552.299,1578882.456,0.693845822
4119500,2037041.55,1230212.996,0.603921406
4120300,1980421.691,1298754.5,0.655796948
4120500,2176840.416,1400373.763,0.643305661
4124100,5369893.95,3380689.34,0.62956352
4124700,5206785.78,3318758.899,0.637391097
4129104,7607337.736,5160042.592,0.678298082
4133900,2434847.379,1644375.243,0.675350437
4140901,2608328.086,1185487.68,0.454500984
4112900,3764154.169,2308255.733,0.613220296
4140902,5843531.857,2931516.37,0.501668587
4145102,3780661.872,2064981.784,0.546195839
4157901,9833175.448,6375668.085,0.648383436
4157902,7773114.168,4703884.422,0.605147991
4157903,7335307.35,4602541.398,0.627450382
4001800,1912263.186,1130774.334,0.591327775
4002000,1548759.254,921081.0284,0.594721889
4020400,3087690.431,939362.2324,0.304228113
4003200,1791170.525,777122.4661,0.433862915
4026700,2259540.126,1071200.384,0.474078938
2036901,1054250.142,430012.3729,0.407884577
2036902,686266.8993,339051.3919,0.494051793
4047000,2471021.549,1534730.024,0.621091315
2023501,731673.2651,320147.0743,0.437554698
2040302,682700.6616,389689.5475,0.570805874
2026702,1819284.64,919097.6484,0.505197278
4048000,2484765.364,1601837.365,0.644663431
2023302,678959.354,341463.8558,0.502922382
4018800,1901478.547,945579.4739,0.497286428
4019200,2141522.108,1278221.729,0.596875337
4017400,2073990.669,1265967.534,0.61040175
4017600,2068075.399,1250855.007,0.604840137
4143500,3803289.004,2379387.209,0.625613043
4013800,1828863.795,1076987.375,0.588883316
4028400,4618712.384,2656175.015,0.575089937
4058000,5917014.344,3331516.208,0.563040076
4071303,1571444.162,949694.1899,0.604344852
2032800,2202647.784,1265702.726,0.574627834
4077902,6065854.271,4054509.55,0.668415258
4077907,2307804.256,1416743.181,0.613892265
4017000,2379227.131,1301797.078,0.547151241
4019400,3230544.238,1894521.064,0.586440217
3097400,2712076.723,852357.8762,0.314282361
3044500,1827456.064,1014428.442,0.555104148
3044700,1752616.269,602868.0755,0.343981787
3006600,1653273.358,949459.8615,0.57429091
2051600,17277749.29,6905318.857,0.399665416
3062000,3439027.739,2214369.803,0.643894139
3039000,1871911.315,1086501.042,0.580423353
2034000,1704073.064,978873.6112,0.574431714
3004900,1051003.111,556054.3007,0.52907008
3009400,1625600.911,1080974.364,0.664969093
3009600,1622766.586,1137295.965,0.700837678
3008200,1517026.099,798343.3728,0.526255529
3117602,1548008.003,1004017.925,0.648587037
3034900,1756872.766,1084946.604,0.617544209
3035100,1755149.808,1084080.698,0.617657076
3064200,2530379.299,1271640.952,0.50254954
3064400,2145902.196,1322648.162,0.616359946
4005500,1786237.893,658530.9314,0.36866922
1011900,1911310.522,1205849.016,0.630901678
1012500,1875481.621,1150513.623,0.613449692
4115900,3326142.87,2126006.489,0.639180748
1022500,2960365.532,957868.7328,0.323564344
1029300,1690644.704,957529.7261,0.566369577
3020000,1451580.256,992567.9008,0.683784377
3020200,1451352.492,994647.8095,0.685324768
3016800,1767486.757,899603.3949,0.508973202
2015800,1751816.326,854335.2978,0.48768543
1003001,1344750.539,654634.2195,0.486807181
2015200,3151751.282,1562020.661,0.495604038
3058200,1738266.687,1105913.825,0.636216429
3055400,1821785.667,1158611.993,0.635976017
3055600,2079990.279,1271953.237,0.611518838
3021700,1281458.048,711378.1315,0.555131815
3083400,1355748.334,894353.9161,0.659675468
3085400,1385790.069,802465.8003,0.579067363
2022403,1338120.967,449549.5279,0.335955821
1001600,2233319.594,785507.1963,0.351721804
3046201,1381203.775,765364.3363,0.554128471
2044800,1817406.932,1170994.908,0.644321801
2034200,1687802.696,786065.5393,0.465733075
2034400,1690333.079,939079.3908,0.555558784
3025901,863635.7669,395614.9203,0.45808075
3025902,642013.904,514243.1565,0.800984454
2022404,999997.8819,578889.1034,0.57889033
4094700,2935620.794,1448300.486,0.493354077
3098200,3723765.687,2187217.353,0.587367073
3003000,1174204.909,711063.5965,0.605570281
4140300,4116709.209,2340249.667,0.568475826
4061302,5511490.944,82784.10027,0.015020273
4062300,1688804.282,1029349.701,0.60951391
4062500,2137199.214,1270557.209,0.594496386
4074500,1805456.962,766345.4106,0.424460636
4101700,10682968.81,6707966.961,0.627912248
4114100,4816036.079,2982516.214,0.619288595
4045000,1819154.158,1174164.81,0.64544547
3040300,2208071.983,1054942.606,0.477766402
4126700,8500177.124,1797399.909,0.211454406
4122300,5271319.37,3284326.027,0.623055785
4134100,6340103,3623430.601,0.571509737
3036002,924220.9318,576952.2986,0.624257987
3056100,3577947.655,1291724.721,0.361023929
2033201,1224202.477,652813.2796,0.53325597
4015200,2073445.93,1182249.457,0.570185815
4020600,1626141.58,744938.5802,0.45810192
3052700,2045672.642,900696.6539,0.44029364
4047200,5532951.504,3576692.255,0.646434774
3093200,3019000.008,756175.2829,0.250472104
4059000,1702017.068,1061087.471,0.623429395
4004700,1928980.7,1363545.925,0.706873804
3090800,3194827.516,739282.559,0.231399835
5011402,6228603.971,4053785.273,0.650833685
3111800,1745783.827,955555.7548,0.54735056
3052900,1882580.923,651980.708,0.346322806
2036300,2382766.22,1099826.166,0.461575356
4091900,4909027.513,2627856.665,0.535311049
4092500,3362669.256,1890088.582,0.562079836
3076600,887314.0585,577420.4196,0.650750897
1012000,1862415.442,844214.6915,0.453290212
1012800,1924402.657,1026819.562,0.533578333
4045600,1696420.222,871939.3924,0.513987856
2021100,1659664.637,797484.3934,0.48050936
4050500,1224020.334,681367.5146,0.556663558
2022800,1851825.773,1114918.971,0.602064723
2027700,1831494.545,873163.5173,0.476749177
2027300,2120762.728,1215188.607,0.572996022
2042000,1615128.665,763131.6681,0.472489706
2040800,1324406.337,929807.384,0.702055976
2021302,1869241.554,763578.006,0.408496165
3025700,1949087.306,691758.1701,0.354913896
4157101,13381456.27,8214458.672,0.613868813
2026701,742841.5832,411062.6623,0.553365175
4063301,1450127.303,790220.1598,0.544931578
4063302,1493062.546,904155.1726,0.605570862
2024400,1892754.13,991088.1489,0.523622236
4085500,1405499.86,797693.1583,0.567551219
4086300,1551084.281,949725.0165,0.612297493
4086500,1685034.015,899920.4502,0.534066637
4116300,2707156.438,1719464.199,0.635155093
4104700,9061045.508,5459052.301,0.60247488
2022703,456337.4845,123237.9518,0.270058796
2022702,557878.3347,171313.8377,0.307081001
5017009,11566024.37,6794438.851,0.587448084
4035700,6503534.883,3244558.841,0.498891587
1015001,556354.3758,309756.2293,0.55676066
2009800,5559622.292,2639312.375,0.47472872
4009600,2222233.85,1431834.623,0.644322209
4004500,2375492.207,1023825.752,0.430995206
4005300,2111785.653,1371244.768,0.649329522
3048000,1643797.878,909688.9269,0.553406802
3048200,2121452.725,1209557.439,0.570155264
3048400,2251812.247,1391034.561,0.617740028
3117400,2295155.614,1411802.504,0.615122781
3117601,1639988.083,990862.8911,0.60418908
2021001,2077421.793,2700276.832,1.299821173
2023800,3654703.118,961641.1252,0.26312428
2022200,2370424.589,1055909.184,0.445451498
3003600,1348886.859,922003.7378,0.683529335
3006800,1996655.736,1240478.224,0.621277971
4144700,4401154.895,2391428.431,0.543363841
4005700,2406263.317,1212904.047,0.50406123
4005900,2047587.032,1303806.491,0.636752661
4054800,2423672.427,1679197.64,0.692831928
4047300,1958959.627,1165931.091,0.595178724
2030000,4490156.66,2645522.05,0.589182572
4015500,1587954.994,1046572.33,0.659069265
4015700,1383061.292,582783.2206,0.421371941
4015900,1826098.401,1125057.894,0.616099271
3119800,3527651.629,1250152.464,0.354386599
1010601,1305574.866,765772.9026,0.586540782
3026100,2146490.189,1326692.006,0.618075038
2030200,6063936.691,2344715.804,0.386665614
3110600,1841331.756,1368303.633,0.743105434
3036700,2024543.155,402674.3097,0.198896382
3051100,1711548.774,778432.0576,0.454811496
1012100,1919460.663,1151825.434,0.600077645
3016900,2257354.468,1393346.621,0.617247597
3017100,2247115.358,1430248.909,0.636482192
4059200,2441953.793,1232117.147,0.504562023
4062200,4707928.65,2363698.392,0.50206759
1022600,1642680.527,787785.8415,0.479573373
3102200,1752586.566,1104698.198,0.63032447
1005501,1338496.813,279311.0502,0.20867517
1020800,1599291.867,863835.5161,0.540136253
2007700,1214306.291,544152.8671,0.448118297
2007500,2458741.053,1534854.867,0.62424421
2007300,1507593.075,548271.5527,0.363673435
2007900,2126625.799,964159.6382,0.453375313
3035601,719554.0537,546991.0275,0.760180593
3061600,7848777.366,1714796.878,0.21847949
3013100,1684555.916,1081354.537,0.641922614
2037504,2585510.96,629340.4208,0.243410463
3053700,1802604.21,546380.7744,0.303106345
2026500,2173748.168,1043487.405,0.480040614
3042200,2443185.634,1488015.188,0.609047126
3043800,1671530.452,939686.2985,0.562171211
3150200,3430496.811,1265169.69,0.368800719
2038200,1704010.245,1007332.403,0.591153959
3049400,1970839.627,1177695.243,0.59756016
4007500,1391318.849,990694.0939,0.712053959
4007700,1363202.128,701880.4359,0.514876277
4045500,1594376.579,1296064.157,0.812897137
4063000,2071306.612,1415063.432,0.683174294
3014100,1787081.443,1090426.818,0.610171866
4030904,4328478.224,2349283.099,0.542750356
4049200,5157271.235,3001934.395,0.582078052
4012200,2235080.395,1437985.59,0.643370857
4014400,2348361.881,1016618.789,0.432905506
4015000,1583627.867,1055914.193,0.666769141
3038500,1877794.572,1026856.656,0.546841849
3030100,2133891.754,861148.0571,0.403557517
4012000,1580707.943,924471.5224,0.584846509
4014800,1754562.792,852263.7092,0.485741356
2003100,1680016.226,318099.0616,0.189342851
2005200,2009765.322,454136.1636,0.225964772
3014900,2684799.709,1540923.409,0.573943525
3014500,2317301.553,1161582.256,0.50126504
3014700,1142414.934,591735.5071,0.517968988
1009200,2118430.854,1088422.961,0.513787344
1011401,1060696.406,655257.3852,0.617761484
4146300,3526503.842,1841748.525,0.522259044
3025300,1741981.224,777512.379,0.446337979
4146700,3759537.781,2143052.115,0.570030743
3020600,1833507.165,1033032.533,0.563418869
4100801,6931019.231,3175426.531,0.458147125
4002600,1593309.112,1134965.425,0.712332225
3044800,2423965.303,738040.7764,0.304476626
3045000,2370291.994,390996.7361,0.164957202
3080200,1994115.262,1230219.287,0.616924864
3075800,2209765.961,1446420.535,0.654558248
4115100,3192227.701,1745382.019,0.546759875
4117100,4280909.707,2486675.826,0.580875561
4040500,1393598.345,767790.0302,0.550940687
4040700,2147774.731,1361766.344,0.634035928
4040900,1641232.55,887938.9015,0.541019554
1013100,1874645.504,1214968.179,0.648105563
3062800,8274566.46,4243078.303,0.512785573
4025700,1621552.654,536339.6734,0.330756866
4026300,2172037.411,1196405.998,0.550822003
3037700,2047553.324,1140903.727,0.557203426
4026500,1974553.383,970834.1789,0.491672794
4029100,2757506.839,1452114.809,0.526604245
4029300,1685392.726,504734.1971,0.299475718
4051300,2082794.293,1353313.867,0.649758774
2021002,1846960.053,933509.3231,0.505430164
2021200,1101640.105,951288.9458,0.863520619
2038800,1593876.064,1057423.996,0.663429246
2039000,1966311.13,1230378.937,0.625729529
2038600,4405922.377,2671283.438,0.606293804
3028300,1311680.724,795255.7246,0.606287574
3037300,1838509.759,1100527.843,0.59859777
3037500,1708660.149,921184.6586,0.539126906
2022901,1271602.734,623744.9612,0.490518732
1014900,1880349.983,971978.1466,0.516913423
4016900,2485167.585,1509539.638,0.607419655
2004600,1432044.165,894208.0552,0.624427708
3034300,1745164.215,1143685.117,0.655345272
3034500,1759937.396,878354.3824,0.499082743
3011200,1843970.961,1072322.806,0.581529118
2031000,6834235.979,4130130.592,0.604329526
2027402,5709578.317,3125925.826,0.547488037
3050803,602995.5831,403759.7869,0.669589958
3007100,1840258.51,1016823.413,0.552543791
3012700,1759470.563,748098.2736,0.42518374
3028600,1901157.604,1140591.772,0.599945933
3050804,1110945.631,722062.302,0.649952871
3039400,2067691.425,1218225.926,0.589172016
3041402,1659482.226,1008454.683,0.607692368
3041600,1749784.701,1013315.702,0.579108791
3093400,1913351.798,1135298.213,0.593355709
3094600,3111144.047,967494.9608,0.310977231
4048200,2454003.581,1517388.138,0.618331672
3028502,1290359.375,890633.0533,0.690220934
4006100,2099309.541,1420982.476,0.676880874
2016000,5532323.484,2805571.862,0.507123611
3072000,1701872.034,933479.261,0.54850144
3072200,2769417.755,1467945.004,0.530055461
1022700,1621656.398,846155.4668,0.521784681
4033000,8812000.353,5040912.557,0.57205088
4083800,5332408.461,3513228.256,0.658844551
1017402,547579.1739,224035.0116,0.409137203
2042901,1105150.761,458657.4777,0.415018017
1021500,750499.5371,394048.1967,0.525047888
4046400,2430135.785,1530067.282,0.629622135
4127700,11606255.93,7371563.935,0.635137117
3024300,1661539.559,1081503.275,0.650904319
3025100,1490422.82,897090.794,0.601903555
3026500,1718284.13,1002009.449,0.583145379
4109700,4751919.671,2370868.824,0.498928641
1008800,1946103.264,1062612.91,0.546020825
1009000,1906164.157,1109285.623,0.581946533
3018100,1823380.083,1036557.473,0.568481296
4084601,3581021.058,2284704.627,0.638003684
4139900,3968601.233,2241605.268,0.564835099
4129102,10935400.62,5404848.593,0.494252454
4074900,3856288.102,2484806.837,0.64435197
2042600,5473783.595,3378380.366,0.617192899
4033402,8160746.645,5873895.505,0.719774276
3003700,1805697.772,1018984.363,0.564316122
3003900,1681241.449,721644.7632,0.429233269
3017400,1798223.919,896519.4602,0.4985583
3017600,1436666.988,803838.821,0.559516456
4006501,1198418.176,768577.5231,0.641326657
4144100,3627719.914,2396978.763,0.660739754
3035700,1967031.04,439923.3021,0.223648378
3035900,1952759.904,1108328.054,0.567570059
2014100,1907232.451,793373.3323,0.415981456
2018400,4814309.607,2686679.182,0.558061155
2016400,1768563.773,1077331.925,0.609156391
3028100,1743468.124,952996.3078,0.546609539
2008700,2302753.017,874883.9279,0.379929554
4051100,3048433.926,1367370.253,0.44854843
4025400,6798492.072,3710800.246,0.545826958
1001402,1226206.084,637505.0607,0.519900422
4044601,2419638.947,1146223.576,0.473716782
4046000,2381695.318,1226309.424,0.514889295
4021200,2536195.918,991941.8506,0.391114047
4024000,2901925.96,1117771.624,0.385182682
4013700,2152435.34,771356.0274,0.35836432
4006900,2266843.137,1350047.589,0.595562863
4012500,1752217.147,563068.781,0.321346462
3015000,1436079.909,892510.9552,0.621491151
1007000,1908709.22,1167065.929,0.611442496
4009500,1770676.749,865909.0752,0.48902719
4035200,6514363.982,2986334.869,0.45842309
5002700,2702766.226,796045.0576,0.294529749
3118201,1360340.321,772689.2632,0.568011733
4041400,5132816.403,2316555.208,0.451322437
4044000,4055561.197,2068002.111,0.509917619
3021100,1892154.329,419778.7297,0.221852268
4099701,10653879.24,3315371.104,0.311189101
5031902,7019454.657,5268858.036,0.750607888
4150701,9372852.048,5739402.366,0.612343216
4063500,2043270.895,1354066.311,0.662695443
4077908,2156618.534,1494426.843,0.692949086
3050100,1857843.156,894489.0407,0.481466392
3051500,2013551.397,524924.7081,0.260695957
3018300,1477789.721,779928.9143,0.527767181
3018700,917703.1174,425959.0141,0.46415775
2008400,1674998.517,1073238.727,0.640740106
2006700,2277490.14,1234978.157,0.542254008
4053100,4558842.345,1691466.621,0.371029857
3004300,1786641.701,920531.5946,0.515230107
3004500,1835597.061,1133433.557,0.617474053
1001200,1298211.262,403079.8913,0.310488673
4148300,14742052.77,7299072.372,0.495119132
2020501,2949065.704,1134263.557,0.384617934
1022400,2099457.982,1147733.51,0.546680867
4015801,3260032.933,1955905.007,0.5999648
4020800,5746083.682,1267925.829,0.220659131
4024600,3270870.424,135312.0443,0.041368818
4018900,2343528.652,735432.7458,0.313814275
4024900,2084057.355,1198632.42,0.575143681
4046200,2685518.579,1656323.886,0.616761284
1007200,1877428.871,1016235.392,0.541291022
1007400,1879420.338,1142322.122,0.607805555
4056000,2300763.029,1227342.694,0.533450285
4043900,1772849.111,1050866.539,0.592755769
3036900,2433755.705,1255624.83,0.515920652
4142900,5720440.588,3733197.379,0.652606617
4145101,2704350.215,1560670.999,0.577096483
4006201,4310186.244,2880166.62,0.668223241
3050202,1451525.222,906288.8754,0.62437005
2027900,2907492.877,1679912.438,0.577787293
4025800,2280364.8,1121269.839,0.491706344
2035800,7018832.062,3606298.278,0.513803186
1011500,1889825.652,563721.1669,0.298292684
3057500,2014844.458,1225481.075,0.608226144
3057900,7887549.057,594607.0739,0.075385531
3052300,1538749.403,745525.9835,0.484501233
4103201,4311253.656,2994085.635,0.694481437
4019800,2231764.832,1365990.533,0.612067416
4019600,2402963.956,1421392.24,0.591516255
4020200,1570995.901,807953.3485,0.514293734
4043701,1615375.891,647651.4378,0.400929246
4043702,1951899.299,1310329.131,0.671309802
3010600,1624784.393,1106200.419,0.680829053
3052500,1356123.738,673998.7399,0.497003865
5014607,7353796.506,5011569.651,0.681494198
3036600,2516458.348,847896.7926,0.336940523
3037000,3617774.273,1795964.673,0.496428062
3037401,2422862.802,1401396.662,0.57840529
4098700,7164408.731,3861433.689,0.538974511
2005400,2133456.997,1266160.893,0.593478516
3058800,1718520.699,1161674.011,0.675973244
3059000,1704089.777,945604.8316,0.554903177
3060600,1950213.568,1014695.341,0.520299601
4002400,1516527.121,872228.7344,0.575148787
3037402,3270756.175,1820430.272,0.556577799
1010602,1344539.176,503637.449,0.374579973
1011000,1901324.182,925790.748,0.486918936
1011600,2117484.286,275906.1454,0.130299029
4108500,4838779.268,2688750.343,0.555667079
4109900,4114052.505,2395364.984,0.58223977
4113300,2802497.736,1651357.891,0.58924504
5013201,5054382.775,2587401.472,0.511912451
1019600,1902090.958,788215.3904,0.414394163
3059800,2145271.497,1146557.593,0.534458037
3062600,3425961.06,1117722.741,0.32625086
3047800,2380722.109,1356663.256,0.56985368
3016100,1964230.13,960369.2427,0.488929086
3003500,1433175.153,671624.1866,0.468626731
3017900,1705006.946,811054.5312,0.475689869
3020500,1718969.926,905584.9207,0.526818362
3031702,1500336.662,945601.2178,0.630259356
3032100,1724842.136,973928.2559,0.564647764
3038700,2027988.283,1085263.53,0.5351429
3042400,1733612.895,1069593.332,0.616973567
3041200,1780125.25,1053047.906,0.591558322
3024400,1670948.349,1052335.703,0.629783502
3046800,3193544.086,703279.3283,0.220219076
4070900,2364591.251,1446273.566,0.611637874
4053900,6525759.64,1472857.138,0.225698956
3027500,1743574.538,1059608.821,0.607722124
3027700,1745688.296,1001301.388,0.573585439
3012901,1479914.457,768563.5417,0.519329707
3012902,1372593.935,626403.7975,0.456364976
3045300,3439556.273,440241.9688,0.127993826
3048500,6253344.32,621660.1678,0.099412432
3030800,7193619.678,805072.3089,0.111914772
2007400,2012633.668,1318572.948,0.655148013
3028200,1826159.074,949940.2687,0.520184842
2008600,2019879.666,1348523.505,0.667625665
3118800,1877145.21,1223934.722,0.652019202
4074700,3179939.957,1725306.288,0.542559392
2022101,732245.044,396179.452,0.541047639
2014702,1247172.425,719839.889,0.577177521
2016900,1000160.691,357798.2798,0.357740794
4009800,1460890.472,992923.9402,0.679670351
4011000,1776467.745,1170360.146,0.658813057
4070300,2596104.706,1320669.9,0.508712109
4070700,2389558.762,1537630.464,0.643478825
3022600,1680920.141,607645.8704,0.361495978
3048900,985798.4982,712022.9477,0.722280414
3049300,2454524.78,1612944.289,0.657130986
1008200,1856719.464,1084339.976,0.584008515
2009600,7359514.076,2001655.861,0.271982068
2020100,2967245,502210.2849,0.169251371
2007800,3326684.197,1807882.667,0.54344884
3021800,1698856.968,1072751.632,0.631454944
2009200,3278193.621,1796505.383,0.548016863
1008603,1253784.217,671491.7352,0.535572012
3079801,1397208.651,968960.8618,0.693497611
3079802,1145198.794,743344.4014,0.649096389
3008500,2624913.751,1691470.617,0.644390931
3088000,1963161.808,998719.0034,0.508729846
2039500,4446408.466,959259.0658,0.215737954
4133300,7439226.985,4679567.361,0.629039465
4134700,11560676.49,7622332.185,0.659332712
4040400,5092779.132,3084258.268,0.605613986
4061601,4099344.269,2758337.262,0.672872801
4062000,2387805.6,1645670.692,0.689197936
4037600,8230896.943,5385245.6,0.654272024
3042300,1961468.148,935051.5953,0.476710058
4001900,9381831.186,2211211.92,0.235690866
4008300,2059577.443,898225.1655,0.436121093
4008100,1212136.87,456660.7158,0.376740224
4062400,5374590.688,276596.3736,0.051463709
4062600,4664112.646,2865117.881,0.614290026
4021400,4031658.217,2202510.449,0.546303861
4060100,1661594.132,1029112.852,0.619352724
4060300,1952653.178,1122745.218,0.574984452
4049301,1764042.861,1197482.026,0.678828192
1012400,1847564.265,832582.0521,0.450637668
1013200,2148197.699,934175.8666,0.434864941
2002300,1126747.465,644166.9098,0.571704779
3028000,1494252.285,676806.532,0.452939935
4014201,2270918.842,1238726.371,0.545473642
4014202,6633244.61,1474705.51,0.222320387
4045200,2217107.877,316363.1979,0.142691838
4045400,2517110.832,1670654.588,0.663719121
4066900,1723437.397,1093485.328,0.634479285
3030700,2805795.205,1421088.51,0.506483334
3034700,1505056.739,805326.904,0.53508076
4085700,1425026.431,873110.6914,0.612697893
4015100,1435760.884,807111.6749,0.562149091
3010000,1625060.713,1116340.5,0.686953103
4016300,2348739.416,1394703.084,0.593809204
1025500,4756106.065,518254.7315,0.108966185
2034300,1318002.793,803971.9677,0.609992613
2039901,1637824.748,761408.7565,0.46489025
4012301,6366924.744,1590056.346,0.249736947
4013500,1461831.562,975938.3897,0.667613434
4042700,1838967.679,1129069.575,0.613969233
4099704,7174616.097,6233543.86,0.868833088
2045600,9265823.803,3037921.853,0.327863115
4122701,7529200.548,4974245.422,0.660660503
4122702,4801785.842,3441260.5,0.716662636
3048600,1888238.792,835030.6345,0.442227243
4107201,14756841.23,2971679.837,0.201376419
4025301,1370376.215,766257.9613,0.55915883
4026000,1920918.661,792558.6625,0.412593557
4026200,1540114.876,862450.6239,0.5599911
4018700,2565345.303,1070825.292,0.417419554
3038600,2704025.384,1478443.878,0.546756657
3039800,2184133.661,1097012.224,0.502264236
3002300,1961451.522,754299.3971,0.384561835
4079701,1199494.695,842332.0013,0.702239039
4084500,2034223.626,1266855.472,0.622770995
4085900,1570940.916,1059090.217,0.674175716
2025600,2037862.636,990075.9075,0.485840356
3019100,2721477.665,846971.75,0.311217601
2021900,1541640.916,238889.3861,0.154957866
1013800,1959555.686,1257021.494,0.641482915
3021300,1989394.768,522096.324,0.262439779
3032500,1812075.226,794469.5411,0.438430773
2021501,986700.6681,496169.3921,0.502857055
4055200,4393479.59,1983918.508,0.451559742
4018300,2314483.892,1339346.868,0.578680574
4025100,2552973.887,1317209.421,0.515950996
4025302,1100605.056,535343.7211,0.486408561
2014400,4208791.592,2925389.962,0.695066481
3028700,1601115.444,805840.9076,0.503299691
3028900,1784157.559,981241.0335,0.549974428
2026601,1832956.454,1036388.67,0.565419145
2026602,3269676.805,1889975.12,0.578031173
3053500,1406193.252,610587.7203,0.434213234
3033000,3887711.399,1425736.968,0.366729117
3032800,2507368.978,1613663.768,0.64356853
3048800,1542860.2,1037366.145,0.672365614
3024100,1939949.84,831096.9597,0.428411572
4010000,2403901.805,1624517.731,0.675783731
4086400,12090470.97,1822106.495,0.150705998
2006900,2029126.117,1131583.194,0.557670213
3030600,2084709.588,813096.4665,0.39002865
3033600,7258858.124,3897812.392,0.536973216
3030300,2690239.516,1168343.062,0.434289607
3079602,1453524.832,908734.0602,0.625193351
3082000,1599913.494,1076272.534,0.672706705
3082200,1827423.044,1239614.586,0.678340239
3000900,1737777.424,956638.272,0.550495281
3078200,1811374.372,1124413.902,0.6207518
3083000,2171914.93,1407669.211,0.648123548
3031500,1886108.108,1084840.369,0.575174013
3019300,2903179,1059453.543,0.364928771
3023300,1849442.026,1136827.887,0.614686955
3087600,1530933.262,635673.9661,0.415219907
3022400,1890190.845,1147395.039,0.607026027
2034500,2976525.482,1679023.465,0.564088389
4161700,7598657.987,4541295.265,0.597644383
4018101,1035687.584,595824.5365,0.575293695
4018102,1038481.113,614395.1419,0.591628614
4115500,2013039.639,1300714.494,0.646144501
4116700,1787963.401,720963.138,0.403231485
3077600,2008023.221,1281884.422,0.638381274
3078000,1770932.84,1182847.98,0.66792368
3054600,1942537.875,1102561.719,0.567588273
3054800,1864436.429,1208369.887,0.64811536
3082600,2142838.824,1344340.292,0.627364166
3082800,1683688.638,1012973.286,0.60163932
3023000,1624924.583,912849.6045,0.561779675
3022800,1801521.316,908300.1319,0.50418506
3049600,2184807.814,1322466.099,0.605300883
3049800,2199771.783,1274493.229,0.579375206
3050000,2138350.58,1128927.29,0.527943032
3006400,2186814.624,1491193.385,0.681902055
3013800,1749765.064,1168708.729,0.667923227
3006200,1746843.264,1076625.288,0.61632621
3014800,1437563.939,960432.1516,0.668096997
3016600,2873519.71,1846105.468,0.64245443
3040000,2058373.047,1245104.605,0.604897449
3041000,1537209.751,851412.5667,0.55386883
3023200,2436821.503,1446842.738,0.593741781
3023400,1827230.585,1090635.402,0.596878911
3011600,1724997.732,1006045.647,0.583215634
3021600,1810243.926,1128702.804,0.623508682
3009000,1631111.772,532103.3476,0.326221266
3009200,1218874.037,806101.9192,0.661349651
3018000,1896108.783,1131933.866,0.596977281
5031901,4126595.873,2837829.736,0.687692671
4042400,5544421.185,3045301.589,0.549255096
2036700,1005438.136,411950.5754,0.409722449
5009602,6649177.286,4219466.497,0.634584749
3051002,1152098.91,700448.101,0.607975665
3079400,2391961.702,811655.3526,0.339326232
3049000,2074872.144,1180964.029,0.569174362
3049200,1780102.394,909920.8837,0.511162103
4055700,2577327.151,1163180.953,0.451312885
3029500,1771508.222,1179020.233,0.665546012
3038300,1878496.869,1220113.434,0.64951582
4094202,7609021.166,2578176.557,0.338831566
3039200,1875666.476,1207456.847,0.643748162
3058400,2029005.365,1236884.554,0.609601421
1008400,1862741.736,904446.484,0.485545831
4061000,2619530.991,1383905.223,0.528302672
4061200,2830128.081,1833668.371,0.647910031
2033700,4663991.966,2433415.917,0.521745306
4052100,2033478.616,1010928.553,0.497142456
4060701,7642774.666,90416.50061,0.011830324
3019900,2037876.603,930953.2606,0.456825138
2026900,4243317.364,1086491.782,0.256047731
4044400,9708088.775,1728351.11,0.178032067
4046800,2471077.983,1523493.48,0.616529907
2012901,1684031.117,803868.7265,0.477347906
2015900,1112938.802,642055.2932,0.576900807
3000200,2952085.216,657252.4319,0.222640061
3014000,1579390.371,968516.5878,0.613221788
4093800,8701237.645,2641042.221,0.303524892
3031400,8954916.004,2114404.158,0.236116582
4051700,2639981.842,1118073.593,0.423515638
3078800,1698020.281,870944.3538,0.512917521
3020300,1512110.998,743112.9595,0.491440748
4111300,7825364.148,3672069.44,0.469252212
4112300,3005919.34,1738202.33,0.578259805
4035800,5641713.797,3551248.104,0.629462648
4064600,4377809.577,2748146.396,0.627744617
4047900,4181150.577,2126416.837,0.508572174
3077200,4351946.216,1427544.901,0.328024482
3077000,1760973.139,1001434.281,0.568682315
3020100,1884866.892,1162194.899,0.616592558
4081800,4030424.905,2352959.442,0.583799351
4084602,8100613.78,788828.856,0.0973789
4080301,3470954.835,2013317.689,0.580047216
4080900,10755472.79,4644412.617,0.431818546
1014200,1927688.369,1026444.981,0.532474542
3036100,1524420.557,646761.1143,0.424266854
3031100,1587578.988,734727.6419,0.462797535
3031300,1832521.659,1109670.116,0.605542702
3096200,1920772.157,838590.4757,0.436590291
4071305,1418825.25,769391.8834,0.542273887
4017800,2054270.578,1189989.477,0.579275919
4084000,6120458.094,3790277.106,0.61927997
3061002,2430047.014,1092053.303,0.449395957
4092200,6844418.04,4189823.592,0.612151912
4057900,743111.0915,465505.446,0.6264278
3060800,4308322.454,1300134.117,0.301772704
3061003,902889.4005,447195.6065,0.495293893
3029200,2183295.712,698439.0593,0.319901265
3029400,2039332.552,1081154.61,0.530151205
3058900,4574107.541,838500.0664,0.183314463
4058100,1549682.767,917860.6812,0.592289403
4057700,2030058.54,1309578.783,0.645094098
4061301,7603813.961,2790930.023,0.367043439
5013204,11249695.23,6268822.545,0.557243767
4053500,5465859.165,621670.4343,0.113737002
4059500,4206657.728,1874802.303,0.445675028
2035900,1452781.531,465612.8223,0.320497482
2036100,1760194.005,1109394.428,0.630268269
3062200,2689303.886,1141115.281,0.424316228
4002200,1594779.628,991121.716,0.621478792
4003000,1200464.426,801554.3475,0.667703541
4010800,1696627.413,1134913.754,0.668923386
4011800,1736072.436,1027728.054,0.591984547
4051600,1983892.448,1283393.118,0.6469066
1030900,3282243.119,1809085.996,0.551173673
4099801,4916319.397,2852244.114,0.580158424
4018402,2287905.774,1355351.887,0.592398473
4023600,1897473.67,1128533.204,0.594755659
4023800,1686741.553,936366.6126,0.555133423
4043200,2600532.613,1234364.985,0.474658529
4095400,8742496.092,3746036.365,0.428485907
2037400,1799971.823,920322.7188,0.511298403
4027600,1708235.395,803565.3525,0.470406687
4027800,1887113.136,1084812.918,0.574853143
4026400,2739605.164,1469368.364,0.536343114
4018200,2762694.885,1457830.371,0.527684175
4018600,1922308.542,1132943.081,0.589365888
2027401,7554415.843,4200908.089,0.556086424
3011800,2359854.017,696104.9091,0.294977954
4052200,1827899.347,1131976.858,0.619277456
3099000,1762100.884,833212.0624,0.472851509
4053401,2799985.294,1460777.648,0.521709043
4048400,4466742.569,3001050.23,0.6718655
4050000,3612066.098,1521118.805,0.421121531
4014100,1841548.906,476937.0209,0.258986888
4055400,2368771.921,1555927.646,0.65684992
2024800,2992858.723,1365808.081,0.456355681
2029600,7711394.479,685832.113,0.088937496
1020901,1246712.486,627520.2201,0.503339966
4032800,3952889.779,2102865.266,0.531981761
4068200,2492489.849,1035741.353,0.415544863
4047600,5807728.738,3422109.917,0.589233773
4047800,7028450.403,4772367.789,0.679007109
3050900,1526103.112,590327.077,0.386819916
4029500,1972793.066,1278942.114,0.648290049
5001100,3496830.099,2023710.485,0.578727141
5001700,3295780.547,2087687.769,0.633442591
4029900,4515403.26,2248.686447,0.000498003
4152901,15022067.22,6151330.524,0.409486287
4065000,4304602.041,2781011.024,0.646055314
2024502,1071093.78,646758.3276,0.603829786
2026100,1883343.782,368790.4699,0.195816862
2026300,1715401.301,685604.7852,0.399676032
2031600,1906941.087,1226242.972,0.643041875
2032400,2885687.627,1043433.945,0.361589361
2032600,3568723.695,2037368.187,0.570895469
3030200,2273119.858,1485280.75,0.653410661
3088400,1797772.858,1256589.834,0.6989703
3030400,4992246.327,1749698.094,0.350483125
3018200,1781148.593,1006006.095,0.564807506
3038200,2526926.564,1881289.006,0.744496905
3040200,2126179.776,1055402.18,0.496384263
3045800,1928211.694,1217145.408,0.631230177
5010500,8794152.893,5576776.435,0.634145949
5023900,5676613.482,2894988.539,0.509985143
2020000,3678684.304,1566080.543,0.42571757
2028600,2117837.258,864468.5696,0.408184607
2020502,1087823.775,594590.3095,0.546586978
2040702,1956959.121,1010350.695,0.51628605
2031800,1919429.502,1106410.964,0.576426987
2035000,2066395.748,1106724.451,0.53558204
2045800,2582516.47,2373791.019,0.919177495
2046000,3096846.582,1207688.798,0.389973725
1022900,2186915.904,886554.7132,0.4053904
5002900,5669715.995,3197603.198,0.563979431
5003300,9209411.581,5294513.187,0.57490244
4010100,1860062.495,1105036.995,0.59408595
4009700,2171669.718,1504899.288,0.692968768
5013301,721333.3426,582982.4518,0.808201171
5018702,10788342.85,6845489.455,0.634526502
2035100,6208264.122,1907636.742,0.307273773
2038000,2346733.374,1401813.485,0.597346721
2033800,1737175.184,1006687.238,0.579496672
3116600,1715753.207,926681.4374,0.540101824
3116800,1549248.026,702173.0791,0.453234774
3105801,4521101.278,2400098.369,0.530865871
3042500,1806379.811,756535.7459,0.41881322
3038900,1753535.518,854329.2491,0.487203846
3039100,1788881.479,921288.8868,0.515008343
5020804,14324580.1,8156781.524,0.569425523
3087200,1583318.257,1022530.055,0.645814605
3087401,1405622.922,837773.5295,0.596015842
1014700,703936.3915,215325.8802,0.305888263
1015100,3579761.306,1376698.174,0.384578204
1013600,2358422.93,1394367.642,0.591228835
3003300,1773979.493,875798.8472,0.493691641
3072400,2068970.088,1013876.125,0.490039044
3094402,1150874.293,926690.4635,0.805205633
3110400,8007940.397,2185997.354,0.272978724
3112200,1747124.122,972678.5597,0.556731229
3121400,1831282.565,1363766.833,0.744705847
4005200,1405250.199,881547.2962,0.627324086
4005400,4492337.384,2667604.973,0.593812251
3111600,5375782.478,1231619.072,0.22910508
3112000,1861982.547,1010328.936,0.542609241
3095600,2557813.938,1535215.832,0.600206219
3098800,1743233.098,950630.1577,0.5453259
1023300,2535522.25,791664.3041,0.312229287
1022000,1882647.684,963174.2026,0.511606187
3101200,1730658.17,1162021.574,0.671433328
3027100,2767086.525,1183986.012,0.427881818
3081600,1933154.427,848417.205,0.438877098
1003100,2208671.929,1205771.791,0.545926163
1016400,1911300.493,1172019.384,0.613205191
3090600,2107747.388,1366982.705,0.648551488
3049100,2294137.31,1337379.411,0.58295526
3050700,1877636.941,462167.9412,0.2461434
3121000,1733948.414,1252342.877,0.722249213
1015802,551659.0925,246740.2413,0.447269418
1018000,2287541.191,1258866.33,0.550314169
1018200,1904007.694,1024114.399,0.537873036
3120800,5189260.023,1937825.308,0.373429988
1002201,1740173.831,863700.3939,0.496329952
1002202,603922.1986,286387.7111,0.474212923
3055300,1681865.775,903776.3622,0.537365333
3089200,1932413.375,864312.8758,0.447271214
3089400,1853454.207,1112544.282,0.600254529
3090000,2645350.869,1427766.993,0.539726888
1008900,1782674.21,1009969.647,0.566547517
1009300,1929422.633,1189657.04,0.616587066
1011100,1889012.252,830966.1039,0.439894502
1022301,1972647.906,670635.0996,0.339966954
4004401,2832837.593,1671884.443,0.590180124
3037100,2037041.369,1184992.356,0.581722283
3037900,1978231.285,1110414.998,0.561317075
2043100,2331576.378,1119529.179,0.480159771
3033500,1944377.415,1238819.308,0.637129036
3035300,1755455.72,1098931.3,0.626009126
3029900,1597886.196,553884.4159,0.34663571
3038100,2578249.417,1573861.885,0.610438181
4003400,2303269.77,1211420.83,0.525956987
3118600,1415166.447,868796.5417,0.613918273
3035500,1485518.486,797722.0544,0.536999076
3088200,2188027.926,1443098.733,0.659543106
2033600,1985238.463,1267113.459,0.638267635
2037600,1364148.019,677946.5838,0.496974356
2034800,4713702.849,2691118.9,0.57091399
2036400,2191493.961,1299931.884,0.593171556
1019300,1892879.123,939810.5919,0.496497944
1007500,1778285.578,796409.5575,0.447852453
3066200,2488662.649,1386030.391,0.556937836
4022900,14455311.95,23965.56325,0.001657907
4079300,9351678.039,233240.4376,0.024941025
3069800,5424250.054,2580498.655,0.47573372
3101800,2623263.401,1323542.352,0.504540395
3105804,7077851.22,2906927.546,0.410707636
4023500,2749073.701,1302922.238,0.473949548
4056700,3395490.452,2325286.355,0.684816049
4063900,2596484.969,1400956.71,0.539558952
4080302,4638897.054,2254895.328,0.486084365
3040500,1496440.209,495515.808,0.331129707
5027704,5668294.638,3885149.719,0.685417743
5019700,3231720.031,2156678.885,0.667347067
3085600,1700511.631,968702.2198,0.569653393
3085800,1447275.818,967539.7175,0.668524759
3085200,4318257.611,17995.29253,0.004167258
3086000,1879565.349,1126324.407,0.599247272
3041100,1433607.264,808007.4021,0.563618379
4055900,1747160.517,331912.6325,0.189972604
2041400,5955791.854,2201162.942,0.369583591
2044200,2615882.166,1622856.869,0.620386075
2044400,3924088.017,1884250.162,0.480175305
4157102,3383204.881,1811596.6,0.535467601
4062900,1987938.329,1197950.319,0.602609398
5015100,10824285.4,7466508.247,0.689792256
2014500,1958133.415,888383.1412,0.45368877
3040900,1773606.766,781793.7762,0.440793185
3043700,1809983.845,1063296.109,0.587461657
4055500,1654116.349,618298.764,0.373793998
2019900,1908255.878,1000899.127,0.524509914
2013000,1248461.057,709277.8857,0.568121754
4099802,4664360.798,1766517.442,0.378726586
2023704,728192.3297,367178.2765,0.504232552
2021301,644240.4652,185417.5807,0.287808032
2021502,1680527.035,784040.6523,0.466544504
2021700,1704755.328,586665.636,0.344134801
1023400,1167006.559,723046.6356,0.619573755
1021400,1460333.112,522958.4761,0.358109031
2040900,12552690.45,258259.1427,0.020574007
2042100,2677136.857,737185.0952,0.275363246
3046202,1866157.39,921645.5689,0.49387344
2019500,2376401.301,866495.0821,0.364624898
4086900,6526700.628,1721282.937,0.263729415
5012500,4954054.155,3240193.942,0.654048955
4001200,2420973.959,1628537.073,0.672678476
3093600,1777218.236,737164.7201,0.414785706
3093800,1411409.756,843404.3479,0.597561654
1008300,1873011.432,1156921.616,0.617679955
1030700,907309.216,538077.6433,0.5930477
4090700,22023571.9,2569333.126,0.116662871
2014900,1680467.77,794141.0025,0.472571397
4064101,847568.4212,588104.2032,0.693872245
3080800,3465286.313,197903.6857,0.057110342
3081000,1748352.331,678866.2311,0.388289145
5012100,7991818.343,5138315.579,0.642946994
1001800,2399268.398,1009751.53,0.420858096
1004100,2058620.402,1186297.643,0.576258567
2024000,2577349.323,1197311.88,0.46455165
4147900,9172314.951,4937051.047,0.538255726
4150702,8964552.514,5494254.695,0.612886665
3050600,1773129.572,1054579.078,0.594755789
2044901,1709525.581,1068026.914,0.624750472
2044902,1677273.959,1113232.558,0.663715401
2001600,5221330.093,1817497.138,0.348090832
2004200,5212172.34,2917197.651,0.559689408
2025300,1342439.419,681003.3224,0.507287936
4061900,2551803.211,1393659.986,0.546147125
1010800,1950021.497,1151272.515,0.590389653
1011203,854082.5127,479061.4084,0.560907642
1009400,1646379.203,995902.8672,0.604904912
1009600,1887288.313,1211292.696,0.641816456
1011201,856164.3695,503798.5566,0.588436724
1011202,839525.5503,519425.6917,0.618713381
1010900,1891364.662,1104646.753,0.584047474
4005800,6431971.776,3192074.892,0.496282478
2023100,1290995.496,353996.5597,0.274204334
2027600,19661442.18,10264.65601,0.00052207
2028400,12223292.83,1124469.188,0.091993966
2006400,1838857.091,960189.4607,0.52216644
2021800,3460951.638,1335639.861,0.385916939
4064500,3401293.519,1701073.588,0.50012549
4073100,2028650.208,1359324.167,0.670063356
4129103,4939341.008,3431732.279,0.69477533
3003100,3102639.144,491935.1754,0.158553784
3021500,1590547.918,876959.0682,0.551356585
2038500,2053025.317,750222.1183,0.365422731
4002500,2240196.367,1681745.194,0.750713294
3051200,1510997.572,887797.9014,0.587557464
3152200,4192019.562,2678189.695,0.638878148
2023703,1071852.076,540246.9928,0.504031298
4010300,2695889.652,1310776.971,0.486213139
4003700,4148785.218,450397.6015,0.10856132
4008600,3519431.536,1869234.899,0.531118415
2005001,1053604.164,728767.3248,0.691689868
2005002,1226231.178,855525.7133,0.697687132
2041100,1309717.018,440510.9257,0.336340537
4136700,8263390.934,5222946.494,0.632058502
3120000,1623803.87,723105.3815,0.445315715
3120200,1641233.446,552439.2349,0.336600035
2020900,1424318.852,523992.2163,0.367889687
2022500,1925145.595,801993.72,0.416588606
3035400,4052038.461,1817570.367,0.448557037
2007200,2285629.656,1377914.621,0.602859968
2007600,2343060.242,1284878.782,0.548376333
2021602,1788230.468,246950.0388,0.138097434
3055700,3195112.214,898198.2152,0.281116329
4056500,1304509.544,732994.3127,0.561892641
3016500,2010390.992,1302908.501,0.648087116
3015200,2884401.782,1047665.287,0.363217529
4101002,5796453.139,3219543.46,0.555433363
4046300,1710782.415,832305.32,0.486505655
4046500,1396723.041,911554.273,0.652637814
4047100,1692064.86,928753.0393,0.548887375
4048500,3666289.006,1674103.809,0.456620797
4065600,6285591.742,4093916.402,0.65131758
2037900,2069392.608,940030.3588,0.454254236
4000600,2307340.916,1437062.873,0.622822082
4000800,2043534.225,1441088.746,0.705194328
3118400,2204317.9,1347910.51,0.611486442
4000400,2420866.331,1674890.08,0.691855663
3118202,1337869.72,845509.8415,0.631982194
3119600,3290524.849,1526953.112,0.464045458
3051300,2779406.809,1253297.002,0.450922477
3051900,2959028.011,1407583.395,0.475691136
5013400,9160132.911,5570212.245,0.60809295
3034800,6985474.711,1146506.417,0.164127202
3035000,2123245.363,1113224.185,0.524303128
4062100,2795882.724,1386710.074,0.495982919
4063700,7453292.685,3717478.121,0.49876991
1029100,2018093.873,1158756.005,0.574183402
1028300,1624342.132,926647.3762,0.570475492
1028500,1313209.026,718047.4674,0.546788404
3036200,1845171.628,1172190.176,0.635274333
3073000,1987945.353,1144709.901,0.575825638
3073600,1919003.261,1048292.87,0.546269457
1016002,554061.7813,286537.858,0.517158677
3072600,2962944.13,1294796.136,0.436996473
3073200,1722429.099,976172.9802,0.566742039
1018600,1311722.344,728194.5195,0.555143795
3114201,3222957.04,895227.907,0.277766007
4120100,1753647.135,1096453.931,0.625242051
1020101,593177.1243,122510.1427,0.206532143
3069602,7888409.569,3744267.343,0.474654277
3070000,2177085.964,1313121.052,0.603155353
1012200,1857829.527,1110489.631,0.597734946
2023502,1024066.834,497871.088,0.486170503
2038100,1629687.89,779516.1268,0.478322341
4038301,6410428.362,151726.6274,0.023668719
5000300,4116728.792,1492126.44,0.362454394
2029301,2678154.209,1048942.209,0.391666098
1018300,2391021.074,800041.4492,0.334602425
1015002,1352304.072,670981.5359,0.496176525
1016001,1352632.365,655545.0463,0.484643916
1017200,1912754.675,849945.2271,0.444356633
1007900,2945317.894,1271843.115,0.431818622
1016900,1937088.172,1051135.426,0.542636851
1015900,1867947.655,1020635.533,0.546394076
1017401,1086203.843,479088.9873,0.441067292
3118000,8099699.55,7270.2468,0.000897595
2028100,1388476.069,660044.193,0.475373114
1017000,1969157.881,1097162.789,0.557173602
1016600,1872055.654,885944.0293,0.47324663
1024500,2282098.213,1333951.933,0.584528714
1024700,2736456.835,840599.119,0.307185229
1016500,2199114.663,803630.5458,0.365433672
3029000,1665073.458,1066723.358,0.640646425
3029600,2300496.595,1520572.357,0.660975704
2002000,4336906.334,2826784.534,0.65179746
3053100,1741715.68,892203.0816,0.512255296
5011202,21697571.89,6047742.128,0.278728982
3012100,1593259.515,602825.8652,0.378360123
2041800,2930549.121,1254588.527,0.428106978
3114202,1286732.475,798762.0611,0.620767779
2019300,2587522.419,1053762.667,0.407247744
5007400,5788237.962,3130360.324,0.540814034
3078600,1834297.87,1111257.031,0.60582147
3094401,3904893.551,1610896.266,0.412532697
3095000,2612150.74,1070282.913,0.409732446
4091601,47021119.14,17865621.09,0.37994887
4009100,2007700.234,872767.7689,0.434710199
2045102,2298967.788,1157402.213,0.503444293
3011700,2160662.478,868207.072,0.401824478
4125700,3566900.697,1928530.396,0.54067398
4126500,2156793.761,1325242.235,0.614450143
4068300,2608093.026,1194676.827,0.458065266
4071702,2338238.121,888874.6923,0.380147208
5027705,5721086.646,3927307.665,0.68646184
5027706,4718053.544,3034641.817,0.643197833
1015601,791936.8541,406209.9978,0.512932307
1015602,1169910.011,340176.2481,0.290771294
1023100,1962707.333,838961.8727,0.427451337
1014601,799778.0398,471457.9905,0.589486041
1014602,1175299.165,725450.8469,0.61724782
4017900,5099916.902,788427.7487,0.154596195
1021100,3738242.686,1347529.838,0.36047147
3003800,1367702.861,679154.9707,0.49656617
4047500,3439977.726,1481018.836,0.430531519
3008400,2650333.443,868724.0596,0.327779156
4068700,2848641.497,1397763.66,0.490677279
5014608,4831070.751,3172367.785,0.656659351
3006500,2685488.227,1590042.215,0.592086832
3014300,2350772.884,1075711.033,0.457598878
1002400,1860513.31,778667.0144,0.418522679
1000700,2442011.746,1336054.615,0.54711228
2013800,8330795.275,3130795.426,0.37580991
4056200,1729177.3,1160360.974,0.671048003
1021900,3004756.298,949806.2775,0.316100936
1022302,641735.8691,84843.38261,0.132209195
3005602,1456999.814,472762.8964,0.324476978
5013203,11116094.23,7207352.325,0.648370927
4066300,5674246.734,1901702.223,0.335146199
4066501,3506166.454,1912349,0.545424476
3008800,2019986.254,599075.005,0.296573803
4162100,7726051.528,4309169.127,0.557745326
4049900,5062264.136,2117318.041,0.418255149
4050700,3934962.433,2190549.581,0.556688817
4061800,2600036.217,1752303.901,0.673953651
4063200,3192811.84,2075975.616,0.650202931
4061602,4554253.602,1853405.188,0.406961349
4010500,2131456.197,1505347.381,0.706253023
4063800,7459178.34,3710521.989,0.497443796
3001100,1814052.379,622625.6111,0.343223613
3001500,3310830.172,1592074.38,0.480868633
2030701,4278230.218,3057431.263,0.714648606
4155101,5175923.568,4747850.034,0.917295237
2045101,1854799.257,764253.5494,0.412041113
5022300,7118158.85,2856169.696,0.401251188
5023100,6280175.243,4128981.063,0.657462714
3053900,1091631.4,569041.6798,0.521276394
3054500,1802063.261,1039719.283,0.576960479
2029700,2497596.841,1250212.547,0.500566195
4097203,14143668.7,2890575.603,0.204372406
4100802,11195431.66,6111321.128,0.545876328
4099100,11592797.27,7206978.625,0.621677276
4099705,4676354.598,1948133.546,0.416592349
4099200,6273743.666,1649496.22,0.262920563
4045800,2638495.132,1809402.119,0.685770497
4004001,1875952.945,984428.1577,0.524761647
4046600,2588687.089,1248922.533,0.482454036
4084900,3277383.324,1934273.484,0.590188359
2033202,1228021.434,653863.6496,0.532452962
3113200,2109759.692,967787.7868,0.458719441
3091800,2256021.139,972497.3595,0.431067485
3092000,2553557.139,1273930.389,0.498884622
4024500,2911316.303,1415823.963,0.486317465
5024402,19278842.25,5778836.93,0.299750206
3033300,2005663.036,1345747.883,0.670974066
4081400,4043794.941,2355481.258,0.582492756
4075702,3781074.667,2210131.786,0.584524766
3017200,2216345.863,1417662.19,0.639639423
3018400,1609239.553,1035912.74,0.643728112
4030600,14405613.74,3937531.311,0.273333117
1020300,1916856.725,151791.4727,0.079187699
4079200,3888807.422,2235096.874,0.574751236
2024501,1233293.486,703958.3173,0.570795456
3049700,1772554.257,996903.9192,0.562410948
4096400,9231142.404,3333768.882,0.361143696
4024300,5961931.551,2452828.013,0.411414991
4051500,2419820.732,1450428.912,0.599395192
3107800,5449630.334,1541394.778,0.282843915
3031900,1631610.63,911842.1743,0.558860158
1013500,4494238.819,1665711.292,0.370632572
1013900,1955060.036,1185837.213,0.606547723
5019800,61195311.89,12580288.96,0.205576025
3107000,33769400.59,2845744.767,0.084269922
1031703,2525855.196,858482.7621,0.339878059
4017100,13379952.17,2084692.047,0.155807138
4025500,2353658.957,788851.4077,0.335159606
2025700,1670305.656,281139.7357,0.168316341
1016300,2861237.209,857233.5527,0.299602406
1013300,1876670.094,1074603.782,0.572611982
1020500,2977096.144,262247.0092,0.088088189
4036700,2109206.755,1357144.414,0.643438303
4036500,1787984.83,1096481.309,0.613249783
1002100,2618005.671,1427624.183,0.545309813
1012700,1872371.029,1072142.31,0.572612102
1012900,4354522.713,1252901.684,0.287724228
1007600,1873518.198,1087174.62,0.58028506
1009500,1851171.289,971520.608,0.524813999
1010100,1891377.812,831119.4145,0.43942538
5002001,5234284.486,2451983.485,0.468446736
5002002,8383564.299,3806548.813,0.454048979
5018701,4266347.439,2438097.787,0.571471926
1021200,1900292.232,759087.631,0.399458367
5029104,16344635.85,6314477.747,0.386333339
5032300,41202671.14,2693287.89,0.065366827
1018900,2853971.26,1648042.897,0.577456024
4093401,5833087.879,3263303.323,0.559446967
4093402,4259697.052,2297482.259,0.53935344
1022800,1944083.383,964762.2271,0.49625558
1003601,1068027.178,487674.5852,0.456612524
1004300,1605585.079,978901.5762,0.609685272
1005900,1250316.263,576734.6587,0.461271021
1016100,1677359.552,931947.5878,0.555603947
3032700,1904788.313,968871.3503,0.508650407
5017010,11956733.55,6718191.163,0.561875126
5020801,28016782.74,10841822.41,0.386975996
5003900,6297287.688,2675716.322,0.424899807
5004700,9533137.566,3414586.133,0.358180726
1023502,447807.5701,221868.0487,0.495453993
1023600,2825824.174,1279034.154,0.452623403
5017005,16127322.75,7245088.939,0.449243129
5017600,35698298.47,10999631.4,0.30812761
4097202,6197522.322,592949.7593,0.095675292
4097204,4214119.567,1391679.264,0.330241998
1021000,2157296.087,1000079.449,0.46358006
1020701,508167.7661,273373.2488,0.537958657
1002500,1439387.824,804198.096,0.558708419
2030900,13703097.32,3693213.092,0.269516665
2032300,6019623.132,3508445.866,0.582834804
2037800,1360822.138,716841.4446,0.526770858
1015801,1353075.868,741264.7212,0.547836776
2043500,72716866.7,219380.792,0.003016918
1030300,1685292.536,441546.0858,0.261999669
2011800,10839519.79,4900085.25,0.452057411
1001300,3516583.006,1683493.422,0.478729898
3092200,1745451.04,678333.5143,0.388629356
2013200,6526150.485,3804119.11,0.582903983
5018901,11706731.43,7417793.234,0.633634869
5025100,12801492.22,7161200.235,0.559403553
1031704,2338837.067,880197.8252,0.37633995
1001001,867805.855,307039.3602,0.353811118
3054700,1825050.125,966229.9358,0.52942652
1001002,2225720.238,1234009.484,0.554431533
3016300,1980070.659,982844.2887,0.496368291
5017300,3688472.079,2389809.548,0.647913146
1025100,1716083.428,291583.3691,0.169912118
3109800,9189937.841,645479.3042,0.070237614
5016901,8493340.498,4012608.964,0.472441787
4077300,3036965.566,1048303.001,0.345181063
4077500,2469601.061,1546671.057,0.626283767
4013400,2055311.733,1452015.978,0.706469951
4004002,1396952.288,581385.3325,0.416181238
2009000,11115822.93,2627064.391,0.236335574
4079702,3101260.127,902961.3029,0.291159485
4083700,8455351.371,3090848.336,0.365549366
2011000,21927508.63,36192.07283,0.001650533
2029302,4681322.439,1899122.785,0.405680833
1003800,2178371.383,1229008.245,0.564186738
4013200,2070924.128,1081756.114,0.522354295
1000800,2366871.333,807101.5403,0.340999331
1026500,2062289.69,773021.7979,0.374836669
1027500,2952278.262,530126.779,0.179565316
5017012,10807389.98,5121014.951,0.47384382
5000800,8555206.641,4991131.618,0.583402813
1000900,3133615.592,1251532.861,0.399389403
1000202,3315114.055,1202659.203,0.362780641
3054300,11164879.08,586324.0709,0.05251504
1015400,1909222.254,1195531.417,0.626187661
4075701,2126244.483,1374116.91,0.646264774
1013700,2434644.924,1500800.66,0.61643513
1014500,1898852.959,638494.3047,0.336252632
1027900,1940322.919,1062663.205,0.547673377
1028700,5710958.994,463738.8055,0.081201565
1006300,1918265.592,1221398.974,0.636720472
1005700,1159594.724,597795.745,0.51552127
2018900,3924064.973,1057622.2,0.269522092
1019702,509562.4688,297011.749,0.58287603
3036001,1019097.242,500512.7927,0.491133498
5012200,8917025.732,5732522.624,0.642873846
1000600,2583417.676,1239505.336,0.479792853
5006700,10256492.21,4166275.329,0.406208599
3025500,1492220.441,1076554.118,0.721444425
5018100,56268987.09,9304633.843,0.165359896
2028500,2883548.817,1085729.253,0.376525359
3016700,1818135.607,1180715.714,0.649410148
1029900,6689148.692,949272.9536,0.141912371
5009700,11058935.85,4702371.906,0.425210162
3091000,2281443.6,1315383.466,0.576557521
3091200,1800466.587,1232976.315,0.684809329
4006202,12358116.19,4240650.94,0.343147036
3114400,4617777.953,652229.2745,0.1412431
3115800,1668175.775,916410.2051,0.549348707
3123700,3459462.49,1146423.931,0.331387877
3122000,11415816.58,2501419.718,0.219118773
2014701,1490475.162,757617.5871,0.50830608
1000201,971599.396,267681.2975,0.275505829
1001401,1006116.714,521195.9415,0.518027316
2029500,2542478.513,1347027.389,0.52980876
2033500,7499205.514,3404270.295,0.453950794
2007100,2841870.732,841813.6089,0.296218121
2048400,7465711.764,2169304.712,0.290569042
2046201,23463563.7,9481396.439,0.404090212
3050400,2516825.702,1067738.62,0.424240193
3015900,2699302.548,1255690.908,0.465190873
3020700,1464651.075,981621.1849,0.670208217
3039300,2041139.83,1008487.972,0.494080786
3039500,1718425.797,975307.091,0.567558456
3069601,4532192.726,2195375.783,0.484395946
4003600,1937305.88,1199618.025,0.619219731
4004200,2156063.819,1276906.631,0.592239719
3074200,1876115.545,1247362.34,0.664864349
3077400,1596845.358,868096.423,0.543632117
3022900,1849568.448,1049089.596,0.56720777
3023100,1716029.853,913493.9923,0.532329896
2028300,2622409.015,871004.8606,0.332139211
2028900,2054663.452,824832.4153,0.401444049
1003200,2335526.717,1104393.329,0.472866922
3003400,5160782.09,1189068.987,0.230404804
4152902,11120329.87,6400809.357,0.575595278
4155102,15549419.93,7838230.445,0.504085071
5011201,17602501.37,5117618.215,0.290732442
5011401,5672548.879,2812464.646,0.495802629
5005000,9302545.864,4728142.114,0.508263241
3007500,3052946.627,1617226.971,0.529726578
1004500,1129524.397,666073.0392,0.589693362
2022000,2253359.407,386024.694,0.171310752
1002700,639299.1912,255301.2632,0.399345513
1002900,3010944.013,1029359.662,0.341872734
1005502,1243017.215,696206.7138,0.560094185
2002800,4708110.07,1583734.878,0.336384421
3002901,1167631.229,539588.9955,0.462122785
3018501,1189362.288,835857.976,0.702778274
3001800,22063006.15,733587.5922,0.033249666
2011502,3725370.619,682685.1547,0.18325295
2009300,25291890.01,1314747.479,0.051982967
3007700,4187368.545,1591338.826,0.380033142
2011700,14902123.25,252389.4813,0.016936478
1021303,1643103.165,662672.0322,0.403305189
4034700,3984026.094,1755329.418,0.440591848
4000700,5867575.046,1948404.011,0.332062904
3011900,7727266.997,1430770.859,0.185158719
4092900,10263731.66,4037250.213,0.393351107
2000200,5006557.751,2320231.177,0.463438413
5024401,22560751.53,10424412.48,0.462059629
4037100,1941447.468,1113242.866,0.573408698
1006800,1877721.041,928182.5526,0.494313336
2000400,8561175.031,3410001.845,0.398310025
4037300,2570655.442,954787.758,0.371418021
1017700,1878929.742,1005676.019,0.535238757
4093900,7059358.79,3371564.555,0.477602096
4032000,11196968.35,3226166.368,0.28812856
3004400,4482159.645,2511254.761,0.560277848
3004600,3118067.604,1366966.191,0.438401717
3005000,2388874.17,1339713.771,0.560813871
1018100,1489902.995,962468.4173,0.645994015
5017007,15729657.98,2642471.237,0.167992924
5017008,11158399.59,7601886.202,0.681270297
1018500,1406207.924,761059.1849,0.541213836
1028100,978724.4638,502737.544,0.513666065
1006600,1880520.926,1164328.475,0.619152097
1011800,1903276.12,1006255.176,0.52869637
1012600,1976487.459,1209452.633,0.611920216
1014401,800419.4638,498918.5923,0.623321414
1016800,2151827.839,730518.7541,0.339487547
1002000,1368855.72,704010.0573,0.514305523
1002601,1141217.497,508904.2205,0.445930966
1018700,2323892.134,871808.1876,0.375150023
1019100,2385202.853,858634.9836,0.35998405
1022200,1953119.563,1053308.23,0.539295315
1003002,841097.7842,487612.6303,0.579733581
1003602,961070.4806,377516.1597,0.392807986
1024200,3726881.165,582859.2156,0.156393292
5020803,22621994.98,9918037.791,0.438424542
5022600,86233545.51,19646812.47,0.227832595
5024800,17601472.4,8259767.525,0.469265715
3005201,1451018.291,575885.0425,0.396883379
3005202,1398134.512,680789.2506,0.486926862
1024301,1132079.518,429500.8964,0.379391102
1024302,2272653.268,1129303.569,0.496909751
1009900,10754478.32,2705370.375,0.251557565
1011700,2136879.576,259060.0261,0.121232862
3119200,2427894.541,1231234.929,0.507120432
4066400,31606550.42,6991210.786,0.221194996
2036501,1030821.701,610567.7148,0.592311662
2019400,8717992.111,915800.3661,0.105047166
2026400,4599515.329,2794668.756,0.607600705
4145900,4007243.477,2613103.771,0.652095084
4120700,7440064.838,2568200.874,0.345185281
1023700,2899906.28,703443.8858,0.242574697
4141700,9659753.848,5063890.783,0.524225654
5009601,8357605.805,4987274.552,0.596734839
5017700,38457028.18,21010401.44,0.546334504
1024100,1871813.033,821049.2162,0.438638476
3005601,1818781.264,801382.4111,0.440615057
1014402,1886718.57,717630.3226,0.380358965
1015200,1920711.353,725336.52,0.377639524
1002602,1114857.277,561438.0009,0.503596301
1003300,3677727.513,1751228.051,0.476171235
1003900,3618081.546,1428585.825,0.394846221
1018800,1599420.538,804564.354,0.503034902
1019400,1881162.641,886010.4738,0.470990894
1021600,1864443.109,1045155.121,0.560572278
1020102,900021.1693,524363.4277,0.582612327
1021800,1958684.975,920644.9211,0.470032156
2018500,4430560.092,1475494.9,0.333026721
2004100,1977775.59,1049201.018,0.530495484
2001900,17961359.41,1328468.625,0.073962588
2008300,2303687.945,944314.3147,0.409914163
2008500,1966131.611,928026.7213,0.472006409
2038301,1030540.529,492039.519,0.477457708
2023702,515656.687,254397.6865,0.493347013
2005100,5506769.304,1308390.764,0.2375968
2006500,2816027.752,1209657.77,0.429561736
2024100,1447513.707,778037.6878,0.537499358
1008700,1780834.118,1112202.672,0.624540299
1009100,1927040.052,1209674.133,0.627736892
1005200,1815428.909,883205.7414,0.486499767
1005400,1809255.636,1194766.647,0.660363645
1015700,1965505.626,1242474.279,0.632139772
1015300,1873441.771,1125169.833,0.600589701
1015500,2035791.006,1153150.519,0.566438557
1016700,2195172.132,823046.7782,0.374934961
1023200,1943381.002,923061.0049,0.474976859
1025900,812094.9351,433526.4342,0.533837136
1022102,1065533.605,432258.6175,0.405673379
1023000,1869850.621,1113560.956,0.595534715
2016500,2041030.001,170054.1298,0.0833178
2015100,2250940.536,1099877.551,0.488630212
2015300,2522689.948,1326938.943,0.526001598
1017100,2262383.05,993369.6275,0.439081095
1014802,1351072.815,833075.4533,0.616602928
1025300,1822865.879,1019005.023,0.559012616
2017300,1774688.073,646615.944,0.364354702
2018301,719418.2417,411305.0345,0.57171894
2018302,1208451.065,389953.9041,0.322689032
2018102,1040364.714,437720.8055,0.420737843
2018101,831113.0298,535178.0049,0.643929268
1027100,2075201.123,955755.5381,0.460560438
1027300,1902954.473,890565.7929,0.467991119
1029500,1459956.601,888582.5584,0.608636283
2002500,1372151.316,741887.0137,0.540674345
2003900,2326464.691,1041796.957,0.447802608
1004000,1927636.944,946180.3315,0.490849864
1004200,932087.7986,389430.0728,0.417804067
1006100,1528503.945,860094.6005,0.562703553
1006900,2350754.137,793414.9728,0.337515081
2023900,1913175.127,967180.2337,0.505536697
2002701,875817.5531,440754.6805,0.503249426
2002702,1677797.874,674433.6204,0.401975489
2017701,1147267.662,564548.2066,0.492080641
1007700,1923495.964,966504.5326,0.502472867
1008100,1875912.505,1226349.226,0.653734768
2038302,1565115.285,777148.6533,0.496544031
1017500,2318093.999,1038922.447,0.448179602
1017900,2278484.24,877452.7457,0.385103715
1007100,1775764.293,952575.4513,0.536431245
2039700,5542439.27,543029.7778,0.097976676
1017300,1921881.151,1181105.45,0.614556966
2039902,1309646.425,687895.3134,0.525252694
2041300,1865502.755,1059015.905,0.567683914
2041900,3505470.565,998642.8048,0.284881241
2041500,1471378.099,841109.1836,0.571647209
2042500,3154915.424,1086610.168,0.344418161
2005600,1511686.237,654540.9818,0.432987326
2006200,2035611.058,1174301.516,0.57687912
2003700,1787327.235,29858.13799,0.016705468
2004300,2440998.845,1342184.15,0.549850383
2022701,1243187.067,546047.1669,0.439231698
2023301,1272774.331,463286.4159,0.363997297
2017901,825937.0845,495216.5048,0.59958139
2019700,1592663.252,716617.8766,0.449949401
2038700,1969718.693,730008.0258,0.370615372
2038900,1860955.285,1080796.48,0.580775094
2037300,1864932.618,1062607.486,0.569783313
2039100,2213814.277,1185425.189,0.535467316
2006000,3416186.852,276095.6168,0.080819823
4040100,2267404.983,1494624.676,0.659178526
1019500,2338296.424,764600.5496,0.326990428
1019900,2406577.277,822501.9899,0.341772524
4071100,3951135.946,1707303.138,0.432104377
4072300,5060335.813,2954193.591,0.583793981
4073700,2268850.433,1126748.735,0.496616577
2013300,1734820.311,1137250.616,0.655543752
2013500,1807152.78,847455.4568,0.468945109
2022902,1042641.419,401636.0367,0.38521013
2035600,4229647.656,1220139.005,0.288472966
2046202,10306194.4,3916133.541,0.379978621
2037100,2128494.74,1078601.503,0.506743795
2039300,1970412.362,966222.3443,0.490365551
4091800,12113532.07,66118.08984,0.005458201
5030301,7812086.829,4710419.425,0.602965575
3119000,1493408.436,678859.7657,0.454570732
5030302,9788180.292,4512251.311,0.460989804
5020700,9980192.807,4395153.109,0.440387595
3032600,3542642.279,1843610.516,0.520405497
5000700,5500153.145,1947113.946,0.35401086
5008100,8357981.936,4332037.001,0.518311362
5018902,8556545.554,4923339.759,0.575388716
3061004,2384898.608,1384258.357,0.580426502
3061200,2130753.467,1231809.75,0.578109936
3000502,1038510.38,552567.4174,0.532076932
3055500,2846181.372,1455750.375,0.511474915
3117800,1539547.751,502298.3511,0.326263574
2022401,925234.4754,423059.9442,0.457246196
5013800,15147051.59,9324335.656,0.615587502
4094201,3813369.49,1339985.606,0.351391495
4094203,5483245.421,2083859.092,0.380041186
5003600,4477226.619,2205658.915,0.492639552
5004000,12712716.58,6795460.309,0.534540377
4028200,1959587.551,1175512.934,0.599877731
4033401,6035427.684,2553452.345,0.423077283
3046400,1762932.757,945771.5445,0.536476244
3047400,1892923.476,1152011.192,0.608588359
4065400,7503017.484,2403137.447,0.320289464
4068000,8293504.809,4160044.715,0.501602737
4103202,7675565.6,3851851.58,0.501832931
5012805,10621993.92,2128232.82,0.200360953
3088600,1935334.277,951070.7157,0.491424519
3088800,2165827.147,1133566.58,0.523387373
4076901,1931532.758,1037820.468,0.537304099
4076902,1084744.137,576460.7201,0.531425523
5012804,9426117.159,5645358.344,0.598906023
5012806,13888760.15,5602020.296,0.4033492
3001300,3139245.362,537739.0167,0.171295631
3004700,2892504.951,386922.3214,0.133767211
3005100,1959926.96,788001.6105,0.402056621
3054900,2097786.273,821416.4172,0.391563444
3055100,2510928.248,1073569.839,0.427558947
3044900,22962571.23,1193938.694,0.051994991
3059300,2033803.83,688252.6903,0.338406625
1009700,1860580.92,783464.8358,0.421086139
1010300,1875918.143,572920.3863,0.305407988
5015602,9487433.132,6102885.679,0.643259941
5017011,7742031.88,5197596.107,0.671347805
5006400,7644306.783,4243154.779,0.555073848
4036600,3986949.898,2131889.377,0.534716872
1007800,1912109.647,773943.4082,0.404758906
1008000,1855976.669,1128243.266,0.607897332
1004700,1780551.058,1111672.148,0.624341629
5007000,28727547.95,7907348.876,0.275253178
4101001,8670016.586,3613186.716,0.416745075
2023000,1717138.95,675170.3137,0.393194921
4138501,11199241,4289239.175,0.382993738
4147100,4561906.57,2842905.102,0.623183544
1003700,4109795.962,1446998.12,0.352085148
1004900,2226124.311,1470773.781,0.660688073
4006300,2288182.617,1492197.635,0.652132231
4007100,2102179.772,1172341.787,0.55767913
4007300,1522211.557,919782.8417,0.604241137
3000301,2152333.307,859077.8259,0.399137914
4031700,7595148.25,3410150.26,0.448990612
4036800,2510566.859,1674167.102,0.666848244
4042600,5576179.36,17480.62339,0.003134875
1019200,2038805.999,696959.0814,0.34184669
4094500,16422595.33,8058015.457,0.490666384
3000100,2236510.471,1011901.175,0.452446429
3000700,1916981.914,1041430.619,0.543265751
3002100,5707257.194,1527323.802,0.267610824
1008601,1212676.27,202352.243,0.16686419
3047700,2342852.906,1116019.302,0.476350564
3048100,1629522.208,767439.9935,0.470960132
3070202,54491021.1,510569.9239,0.009369799
5022800,116225102.9,306266.4413,0.002635114
3056500,2557074.277,1351375.915,0.528485202
2033400,33678614.58,2594.520195,0.000077
3095800,2522663.379,1404424.231,0.556722804
3096000,4574022.536,1015946.159,0.222112189
3007600,1510401.691,969383.5254,0.641805111
2006100,2613103.686,654603.1484,0.250507912
3034000,1419227.699,323213.254,0.227738829
1020000,1391141.228,744848.5768,0.535422689
3035200,10705565.49,347493.0125,0.032459099
3056300,3983455.323,1542785.181,0.387298226
3005300,17696689.81,2378217.636,0.134387711
1025700,1550590.157,736404.5922,0.474918913
4109300,11541491.31,5441123.109,0.471440212
2005902,764814.8573,374153.3779,0.489207779
2006300,11409990.49,1291786.239,0.113215365
1023501,1929062.747,763860.5022,0.395974938
1023900,686743.853,279839.7707,0.407487842
1026700,519544.585,172889.4742,0.332771198
1019701,2537859.599,133205.2871,0.052487256
5029103,21980474.14,9647069.836,0.438892709
1016200,2924177.032,1378265.236,0.471334403
1017800,2663050.097,746980.2524,0.28049801
5014605,9497529.113,5033133.342,0.529941344
3005400,1740560.579,940729.7707,0.540475168
4000100,12359101.18,1197500.989,0.096892239
1023801,3608527.815,4857865.9,1.346218222
4008700,2721436.866,1345086.797,0.494256109
4010701,17248484.78,190489.7575,0.011043855
5015601,15399913.55,9992478.345,0.648865873
3103400,6216304.309,1485448.881,0.238960129
5014606,19044546.18,5127830.843,0.269254557
1001501,2814943.545,1235248.431,0.43881819
1001502,2242452.53,1053842.379,0.469950809
5005900,14935882.15,3808099.577,0.254963151
5014700,17975044.56,4961554.35,0.276024593
1019800,2431074.118,476628.1062,0.196056592
4097300,5577816.543,3215418.84,0.576465507
4098100,6949066.234,3971392.145,0.571500114
4089200,31223398.91,11596949.79,0.371418558
4099703,6477188.691,3407538.083,0.52608288
5014604,12148065.92,7943769.991,0.653912322
3070201,11098403.26,7399778.33,0.666742607
3070600,15125751.68,2622695.165,0.173392716
5027702,15700673.32,9348012.916,0.595389301
1005600,1878253.785,909530.4687,0.484242585
5027301,32743518.35,4223221.993,0.12897887
5027302,11012205.21,3422897.634,0.310827629
5027900,58347385.68,7770501.626,0.133176517
4088901,6859679.081,3627070.233,0.528752175
4103900,9478951.427,5356275.296,0.565070444
4028800,8786202.198,3088085.547,0.351469893
4029400,11459905.96,5298106.622,0.462316762
4039800,2161239.858,1345238.403,0.622438272
4052800,1941580.015,1252332.056,0.645006668
4079000,2769770.522,1595715.108,0.576118164
1005800,1879679.029,1144193.086,0.60871727
4018401,2060951.131,1199205.599,0.581869983
4078800,2075692.37,1240638.446,0.597698611
5013302,9313196.368,3186735.874,0.342174238
5014100,3339314.006,2228233.356,0.667272785
3013600,2322222.142,1411162.735,0.607677754
3012000,2086620.621,576543.5887,0.276304942
3002000,1620781.213,326500.3788,0.2014463
4137700,8064968.254,5457046.801,0.676635869
3002200,3690691.661,969615.9682,0.26271931
3007200,630314.8276,307390.0515,0.487677012
3007000,1609198.158,617724.2788,0.383870859
3012200,1969291.806,926480.1863,0.470463638
3012600,2524209.525,854389.2527,0.338477945
3013400,2887190.05,1502272.64,0.520323433
4056600,2098775.499,1309379.279,0.623877723
3014200,2165496.107,883974.2096,0.408208635
3016000,2785264.013,1383866.821,0.496853014
3016200,2621970.923,708836.1546,0.270344781
3016400,8407411.104,30099.4952,0.003580115
2025500,1804868.763,764569.0267,0.423614748
5007500,5158898.75,3271744.684,0.634194397
5007700,2674908.2,1104710.629,0.412990109
3099800,4646409.386,1295911.912,0.278906098
3102800,8901544.617,848073.8383,0.095272661
2025100,2255161.049,1129133.14,0.500688472
4008800,4705164.713,2178973.568,0.463102506
4088400,16667244.33,7495107.01,0.449690834
4121500,6903805.388,2428475.71,0.351759004
4003300,5525403.066,1195794.852,0.216417669
4004300,1841331.481,770673.6488,0.418541505
4008500,2942542.041,618975.8056,0.210354108
4056400,2025496.364,1248702.273,0.616491985
3036501,1368026.304,718063.9661,0.524890467
4022002,3239525.09,2100414.946,0.648371254
4077903,2863188.221,1717970.438,0.600020084
4077905,2958842.254,1932245.886,0.653041197
5021300,8433147.068,4770931.223,0.565735565
4053800,2031700.971,1306287.917,0.642952844
4058200,6066864.954,3509236.252,0.57842663
5000600,7194727.883,2784747.52,0.387053905
5002100,9302937.783,3669188.742,0.394411833
5015603,10215495.44,5468944.516,0.535357736
4118900,2179500.151,1445612.814,0.663277226
4119900,1983090.855,1398614.369,0.70526994
4056800,9137108.706,3404953.236,0.372651059
2012300,3202397.798,747534.7044,0.233429684
4049302,2964387.364,1412666.807,0.476545955
4049700,2129377.562,1475749.665,0.693042742
1006500,2167367.107,811361.6422,0.374353583
1006700,1812882.851,931443.9292,0.513791572
1007300,1778588.027,1077888.331,0.606035976
4038100,3066122.895,1386755.289,0.452283009
4039900,1816554.879,1013315.92,0.557822905
3036502,1253749.713,499087.6301,0.398075968
3005900,3852115.635,534171.1058,0.138669541
3006300,1082019.872,485759.3906,0.448937587
2005300,908149.3655,169380.2544,0.186511449
2024700,1573701.595,308332.7524,0.195928347
1003400,1718451.636,967196.8356,0.562830408
2015700,3365712.969,994303.3312,0.295421309
2015500,1230613.229,583002.5482,0.473749619
2016100,2573043.332,1045958.669,0.406506434
5020100,6758719.853,4350700.148,0.643716598
5024700,5205054.313,3161784.269,0.60744501
1002800,1973678.315,955302.6516,0.484021456
1006400,1934407.946,770355.8545,0.39823857
1004800,1920849.703,713548.929,0.371475669
3035602,1843931.041,996947.8067,0.540664366
3036400,1539580.502,739790.9957,0.480514656
1004400,4277837.335,2697660.929,0.630613256
4071304,1762125.399,1075589.848,0.610393477
4071701,2186093.001,1346753.603,0.616055036
1006000,1304406.901,839326.2709,0.643454332
4069000,3751967.68,2222052.832,0.592236667
1006200,3194410.119,405958.5116,0.12708403
4029700,5493950.367,1157397.496,0.210667629
4030902,4456074.882,2354485.333,0.528376519
1005000,1793935.224,901359.5036,0.502448188
4130100,7413690.919,4159299.893,0.561029579
4156700,15681222.57,324873.9487,0.020717386
2016700,2217541.332,535302.9965,0.241394823
2017702,1516100.704,859232.1008,0.566738145
2012701,1172792.916,472293.799,0.402708605
4069400,5640435.181,2400325.003,0.425556704
4021600,7078993.093,1290539.971,0.182305584
4022001,4377765.528,1749927.226,0.399730688
4020500,6332770.89,482734.2527,0.076227967
4019900,17131612.84,588007.22,0.034322934
4021900,13746846.09,284676.2869,0.02070848
2011900,1804161.923,888139.5956,0.492272664
2012102,555873.728,232598.9401,0.418438448
3008600,1221916.798,,0
1000100,1844421.237,,0
3017500,21101598.56,,0
4099900,6627584.034,,0
3015400,9969049.012,,0
3070203,43216571.42,,0
4005000,1638144.098,,0
3040700,5589606.613,,0
4128300,21271440.73,,0
4065501,8754117.734,,0
4056100,31217234.06,,0
5990100,635701.9565,,0
4091602,13689757.91,,0
2031900,2381338.659,,0
4064102,24055776.78,,0
2000100,18163827.69,,0
1000500,9083214.568,,0
1031900,1080130.293,,0
3017700,27403867.4,,0
2050400,78941140.96,,0
2002400,7665690.244,,0
1021703,3384834.168,,0
5001800,9807122.916,,0
1029700,9961610.788,,0
1014300,38312333.22,,0
3066600,43484861.05,,0
4033100,31569256.22,,0
1031100,7795105.024,,0
1008602,1075371.44,,0
1023802,2704434.025,,0
4009900,2675890.515,,0
1024000,23466537.27,,0
4071600,196629949.5,,0
4107202,74398244.54,,0
4138502,26216472.55,,0
2024900,1883272.792,,0
4121100,11187437.09,,0
4038302,54758505.23,,0
5015400,23379019,,0
2016300,6339739.268,,0
2017100,1835523.652,,0
